UE positions (x y z)
122.188734 51.045463 2.000000
119.692079 50.211561 2.000000
118.963799 46.410199 2.000000
124.238725 55.391913 2.000000
122.767070 55.135238 2.000000
125.471583 53.915259 2.000000
121.346276 45.125696 2.000000
123.604097 50.902820 2.000000
124.838833 45.595579 2.000000
122.448836 50.771055 2.000000
129.217047 46.787910 2.000000
120.425648 44.417614 2.000000
120.803011 41.504733 2.000000
125.866519 49.919107 2.000000
125.465331 54.091667 2.000000
127.231687 38.650742 2.000000
121.677431 47.161600 2.000000
125.308341 47.022545 2.000000
124.989399 49.470046 2.000000
124.134003 48.476231 2.000000
119.450485 51.150924 2.000000
127.929492 57.950858 2.000000
122.497314 51.745716 2.000000
129.269565 49.891892 2.000000
121.308586 47.673572 2.000000
120.698774 48.058938 2.000000
118.861491 51.419540 2.000000
124.468319 47.678300 2.000000
116.674734 49.163866 2.000000
127.838327 48.367720 2.000000
125.321909 47.395552 2.000000
122.051253 43.988137 2.000000
123.797880 44.906580 2.000000
122.256453 42.638180 2.000000
125.083196 54.188586 2.000000
122.505938 53.240510 2.000000
122.240480 44.456360 2.000000
125.518799 45.336818 2.000000
123.244029 50.066022 2.000000
116.001617 49.900305 2.000000
122.503828 49.145114 2.000000
116.022298 47.735427 2.000000
121.830611 52.279941 2.000000
122.607667 51.663110 2.000000
118.181653 48.939199 2.000000
121.450242 47.945707 2.000000
119.872820 48.680554 2.000000
121.563424 50.110761 2.000000
123.502927 45.590740 2.000000
121.790626 46.392075 2.000000
118.624219 45.602144 2.000000
120.264432 46.230492 2.000000
122.152084 46.931900 2.000000
121.899687 52.903931 2.000000
117.627871 45.719718 2.000000
121.599793 47.348511 2.000000
120.912699 45.681338 2.000000
120.116707 49.000748 2.000000
121.318227 43.009729 2.000000
115.704069 48.311013 2.000000
126.037983 43.447592 2.000000
121.495797 52.597829 2.000000
117.638488 47.009878 2.000000
122.399476 49.113750 2.000000
123.247010 48.406489 2.000000
117.880037 47.214461 2.000000
120.506334 53.431360 2.000000
119.908736 50.232965 2.000000
124.489184 47.163564 2.000000
116.177431 46.838663 2.000000
122.142785 48.477110 2.000000
117.161944 46.955330 2.000000
122.536812 52.265904 2.000000
121.167282 47.048941 2.000000
118.524461 48.051665 2.000000
120.960232 41.226793 2.000000
117.649236 48.910043 2.000000
122.827524 48.530691 2.000000
114.067946 44.331739 2.000000
116.769298 50.501284 2.000000
117.868559 49.858553 2.000000
117.889032 43.274806 2.000000
112.430867 47.521224 2.000000
125.371891 48.694759 2.000000
122.443052 47.724520 2.000000
116.638400 49.799536 2.000000
120.697577 43.600587 2.000000
118.532775 45.965095 2.000000
122.504494 49.968786 2.000000
117.086413 42.431199 2.000000
118.940298 51.198514 2.000000
116.263187 45.293320 2.000000
118.293057 44.744211 2.000000
121.481762 47.063190 2.000000
126.699741 47.464064 2.000000
117.336946 50.825217 2.000000
120.717447 53.564263 2.000000
114.625079 45.058197 2.000000
121.246614 47.333948 2.000000
121.626041 48.149314 2.000000
117.380327 46.311185 2.000000
117.610457 46.687831 2.000000
119.544770 47.559650 2.000000
122.378508 47.004780 2.000000
122.364454 42.485289 2.000000
118.401090 45.882100 2.000000
118.837335 43.542816 2.000000
115.228625 49.130361 2.000000
116.700178 46.698108 2.000000
112.560525 48.257063 2.000000
119.741298 46.659309 2.000000
117.132538 48.089308 2.000000
124.676323 40.644846 2.000000
127.763769 46.294851 2.000000
119.411625 42.259738 2.000000
116.828468 49.894146 2.000000
118.222297 51.922005 2.000000
116.018038 44.086729 2.000000
114.933087 47.913662 2.000000
118.861043 51.448959 2.000000
120.653471 43.793820 2.000000
115.521200 52.362639 2.000000
114.240788 47.457427 2.000000
119.282444 43.327064 2.000000
122.682749 42.829912 2.000000
119.950766 45.518701 2.000000
114.450271 44.193095 2.000000
113.519503 47.021280 2.000000
113.054727 47.044727 2.000000
116.354938 47.891002 2.000000
120.576871 49.539978 2.000000
115.980814 47.076991 2.000000
120.979052 50.099665 2.000000
117.692181 46.513422 2.000000
115.180329 54.618560 2.000000
114.197572 47.366170 2.000000
117.209116 46.088099 2.000000
121.218035 48.410662 2.000000
114.315624 43.163098 2.000000
114.595098 51.424149 2.000000
117.305709 44.390659 2.000000
114.978681 49.568737 2.000000
119.443306 46.976649 2.000000
116.492933 49.667568 2.000000
108.761445 43.483793 2.000000
112.639051 48.155966 2.000000
115.520543 45.141136 2.000000
114.298142 46.638762 2.000000
117.099625 48.705054 2.000000
114.893649 47.693323 2.000000
112.201788 46.640395 2.000000
111.868129 48.813955 2.000000
113.348078 46.537001 2.000000
113.010948 47.353214 2.000000
117.580891 48.877042 2.000000
111.843761 40.786324 2.000000
119.234051 49.053708 2.000000
109.874895 45.272797 2.000000
116.895706 53.231741 2.000000
108.749410 46.754841 2.000000
118.183519 46.016578 2.000000
116.066173 45.503638 2.000000
118.999803 47.559658 2.000000
111.795946 48.880881 2.000000
112.184669 48.703221 2.000000
108.783051 46.133223 2.000000
114.260296 44.072181 2.000000
115.093109 49.997738 2.000000
113.122815 48.902582 2.000000
112.664440 45.904259 2.000000
116.247849 47.244052 2.000000
115.749616 47.350320 2.000000
109.199393 51.840984 2.000000
113.768951 42.291674 2.000000
115.803960 55.255949 2.000000
110.428403 46.636116 2.000000
109.147665 49.667327 2.000000
113.895847 49.720348 2.000000
115.873383 45.700025 2.000000
115.212632 46.870841 2.000000
111.220322 45.277620 2.000000
116.282272 45.488743 2.000000
118.516345 50.346560 2.000000
110.480484 48.789938 2.000000
111.605900 49.183358 2.000000
111.690108 50.746309 2.000000
114.634471 46.196169 2.000000
110.684009 51.011269 2.000000
112.174798 51.171293 2.000000
114.511404 47.075016 2.000000
107.699596 46.226041 2.000000
112.795101 45.008945 2.000000
112.101456 44.457061 2.000000
108.958440 46.026841 2.000000
114.625356 49.184126 2.000000
113.188287 51.779778 2.000000
109.247808 47.471007 2.000000
111.218472 49.359055 2.000000
107.791309 51.849875 2.000000
110.013469 49.729717 2.000000
111.758512 42.962900 2.000000
111.458004 49.414905 2.000000
114.517445 46.650352 2.000000
111.736025 50.056726 2.000000
107.290890 49.873490 2.000000
107.627709 49.712313 2.000000
108.276900 44.936505 2.000000
110.272741 47.174589 2.000000
109.713057 43.549997 2.000000
111.319097 44.005848 2.000000
113.162844 43.383809 2.000000
108.601073 50.222831 2.000000
110.472020 47.157683 2.000000
108.359528 46.054712 2.000000
107.367165 48.635001 2.000000
108.274762 50.157585 2.000000
113.122326 47.264658 2.000000
108.713587 47.075391 2.000000
110.267326 52.278544 2.000000
106.335513 49.457814 2.000000
108.846435 48.227322 2.000000
110.568641 51.874831 2.000000
108.305798 53.132492 2.000000
107.519618 50.240744 2.000000
113.566381 48.836380 2.000000
115.340320 39.231175 2.000000
107.098410 45.761062 2.000000
105.690196 44.246013 2.000000
116.095489 47.825873 2.000000
106.556345 46.529911 2.000000
107.649619 53.108338 2.000000
110.103311 46.909309 2.000000
112.101761 49.731607 2.000000
112.189458 49.839100 2.000000
114.040977 51.922060 2.000000
107.637646 44.126868 2.000000
106.820480 45.182909 2.000000
110.109818 43.353907 2.000000
106.771918 46.642584 2.000000
115.725082 49.302981 2.000000
108.061475 46.732073 2.000000
109.827097 47.872151 2.000000
107.598641 44.771551 2.000000
106.756166 44.996587 2.000000
109.734072 47.864775 2.000000
106.373191 47.725650 2.000000
107.234556 45.645062 2.000000
106.004528 48.915188 2.000000
108.315102 47.853348 2.000000
112.487902 50.896083 2.000000
107.434779 47.322495 2.000000
113.491668 49.853086 2.000000
115.002098 54.776763 2.000000
112.521956 46.893848 2.000000
107.084003 49.524353 2.000000
102.127545 47.322924 2.000000
106.978611 40.345729 2.000000
109.501212 49.347724 2.000000
107.123091 41.699236 2.000000
108.267820 50.163310 2.000000
111.542886 53.105037 2.000000
106.195973 52.655720 2.000000
104.528998 45.009555 2.000000
102.603328 43.288143 2.000000
108.881348 48.585194 2.000000
108.982771 47.161827 2.000000
105.397223 42.331663 2.000000
108.261980 49.029732 2.000000
109.973517 44.305635 2.000000
108.014933 53.345250 2.000000
104.655672 49.720283 2.000000
111.500656 44.155320 2.000000
108.224660 46.683050 2.000000
106.291319 48.552666 2.000000
112.561303 41.842161 2.000000
107.058056 50.766620 2.000000
110.064056 42.318242 2.000000
107.624736 48.651187 2.000000
96.990347 49.280744 2.000000
107.201948 49.069212 2.000000
110.782515 54.235555 2.000000
105.444286 46.768715 2.000000
107.823630 45.440062 2.000000
104.607883 47.867750 2.000000
102.519078 49.334552 2.000000
106.881109 44.105430 2.000000
105.962922 47.377767 2.000000
108.047432 47.770210 2.000000
101.242103 49.950791 2.000000
108.982468 51.499685 2.000000
105.983233 47.518812 2.000000
105.556682 43.643385 2.000000
103.199293 48.638185 2.000000
103.867662 48.953207 2.000000
101.687450 50.927202 2.000000
103.786193 43.371020 2.000000
101.192657 41.785976 2.000000
105.636949 49.574909 2.000000
107.649138 49.385513 2.000000
109.813221 45.616932 2.000000
103.734219 45.321517 2.000000
105.620450 50.358346 2.000000
113.059720 39.197198 2.000000
106.118068 43.634952 2.000000
106.035034 51.598602 2.000000
104.015811 48.467005 2.000000
102.688229 44.781092 2.000000
110.238101 48.936141 2.000000
103.072636 45.368344 2.000000
104.565015 49.736904 2.000000
105.143648 47.822707 2.000000
102.900013 50.887349 2.000000
106.065394 48.445624 2.000000
102.701275 50.658916 2.000000
105.789159 47.615361 2.000000
99.846510 46.198083 2.000000
106.078281 49.952688 2.000000
101.824077 44.030646 2.000000
105.872308 54.007507 2.000000
100.355753 54.448850 2.000000
99.485343 47.361915 2.000000
104.318096 52.433211 2.000000
105.399023 46.572099 2.000000
109.257456 46.851470 2.000000
100.190402 42.914300 2.000000
108.382862 41.858078 2.000000
108.736424 45.416182 2.000000
95.525703 45.523392 2.000000
99.530426 46.162180 2.000000
101.872750 50.587497 2.000000
105.745917 44.618409 2.000000
100.674346 47.340861 2.000000
103.439990 53.458226 2.000000
103.218211 47.925124 2.000000
101.197384 48.499090 2.000000
99.323858 48.022548 2.000000
98.843934 49.405132 2.000000
100.467825 45.134893 2.000000
105.365523 49.963200 2.000000
106.460057 43.838963 2.000000
103.604935 48.073521 2.000000
105.839034 50.978888 2.000000
100.271659 44.128441 2.000000
104.157394 46.906298 2.000000
106.391528 39.878636 2.000000
98.886282 49.407170 2.000000
103.486124 51.379191 2.000000
97.833508 48.649584 2.000000
97.706756 42.069148 2.000000
105.569752 50.311544 2.000000
101.971778 46.314984 2.000000
109.459797 47.154891 2.000000
97.349842 53.020452 2.000000
104.403860 46.013423 2.000000
105.889308 47.936409 2.000000
100.494841 44.172859 2.000000
99.110297 40.688662 2.000000
100.114716 49.554460 2.000000
103.872118 43.473640 2.000000
105.582066 48.234483 2.000000
100.195559 48.450234 2.000000
100.939990 46.877098 2.000000
102.070453 46.644323 2.000000
100.917753 51.208510 2.000000
98.384453 48.204052 2.000000
103.540049 43.150736 2.000000
100.642261 47.433858 2.000000
95.794059 47.000047 2.000000
103.113130 47.898334 2.000000
95.682116 48.275938 2.000000
97.010327 46.604526 2.000000
99.535720 44.500225 2.000000
101.493243 53.298802 2.000000
96.168694 46.655796 2.000000
102.412107 50.732149 2.000000
104.360658 45.504279 2.000000
101.050153 44.582092 2.000000
104.490726 46.112982 2.000000
101.966214 46.440383 2.000000
102.627873 49.069532 2.000000
99.270474 49.075206 2.000000
100.401835 44.136221 2.000000
97.916068 47.835517 2.000000
97.230051 46.718330 2.000000
101.935772 45.722495 2.000000
97.413723 48.392626 2.000000
103.666164 45.095799 2.000000
95.658701 48.793234 2.000000
98.037974 44.845719 2.000000
99.666602 50.748974 2.000000
104.676947 45.173120 2.000000
99.469050 48.490919 2.000000
97.782903 48.621554 2.000000
99.150979 51.658890 2.000000
98.467564 53.074857 2.000000
99.618521 47.963688 2.000000
92.232190 51.782698 2.000000
97.898274 44.745557 2.000000
99.217668 50.694851 2.000000
99.312434 47.342276 2.000000
96.409551 47.632652 2.000000
99.216686 45.285493 2.000000
101.925438 46.700501 2.000000
95.042558 47.172040 2.000000
94.471781 43.109232 2.000000
97.602072 46.637625 2.000000
95.455787 50.174735 2.000000
93.381471 49.363453 2.000000
101.701152 44.344851 2.000000
99.038304 42.161582 2.000000
103.995790 49.309281 2.000000
97.038469 49.616990 2.000000
98.494514 44.203838 2.000000
100.789781 48.364186 2.000000
99.026849 48.184721 2.000000
92.555879 45.721254 2.000000
94.228803 45.879382 2.000000
101.166168 48.119575 2.000000
89.574974 51.228115 2.000000
91.496157 43.853162 2.000000
98.744059 48.540624 2.000000
95.232649 56.872804 2.000000
97.062452 52.440697 2.000000
100.941542 45.989198 2.000000
91.113513 47.166773 2.000000
95.728112 45.792412 2.000000
98.255012 44.111799 2.000000
96.315995 48.651169 2.000000
94.734742 53.849460 2.000000
99.028275 52.990067 2.000000
94.080528 43.966044 2.000000
95.485216 49.509031 2.000000
95.024514 42.676930 2.000000
98.255740 53.106587 2.000000
96.917129 51.895697 2.000000
98.031265 45.728028 2.000000
99.298793 49.233851 2.000000
92.650400 44.670442 2.000000
97.870226 48.213098 2.000000
96.786448 54.114801 2.000000
94.442685 51.128578 2.000000
95.988684 47.046071 2.000000
94.803147 46.544525 2.000000
94.585906 50.828665 2.000000
96.056725 45.268360 2.000000
96.299457 49.473146 2.000000
88.691134 53.085453 2.000000
93.481014 49.928967 2.000000
93.117634 53.560450 2.000000
93.612452 47.369063 2.000000
98.354473 46.829695 2.000000
91.252070 49.319814 2.000000
98.547158 47.418442 2.000000
93.477272 51.585718 2.000000
89.770281 50.482503 2.000000
88.273755 49.565394 2.000000
97.349848 48.221935 2.000000
96.957286 45.231489 2.000000
96.079451 45.778291 2.000000
94.212212 56.866121 2.000000
99.128843 52.470835 2.000000
96.742696 47.757805 2.000000
92.354491 47.345178 2.000000
93.433677 46.865068 2.000000
92.852350 48.479469 2.000000
92.153217 44.390915 2.000000
94.275664 49.566124 2.000000
95.591999 46.300478 2.000000
88.545034 45.974023 2.000000
95.175900 52.294835 2.000000
91.972976 47.362745 2.000000
99.113686 53.572107 2.000000
88.865657 45.716597 2.000000
91.000435 47.471778 2.000000
92.352556 45.777760 2.000000
92.516857 47.412722 2.000000
89.003685 44.771282 2.000000
95.333076 47.710278 2.000000
89.729728 49.131282 2.000000
95.627606 46.704206 2.000000
96.920930 48.016898 2.000000
90.613927 47.410682 2.000000
101.352660 52.326776 2.000000
91.244799 52.035341 2.000000
89.488063 46.395692 2.000000
91.997496 46.162445 2.000000
91.147371 48.056692 2.000000
96.004156 58.811707 2.000000
98.613961 54.075697 2.000000
85.727875 49.818502 2.000000
93.425967 53.848194 2.000000
91.628558 45.939558 2.000000
92.432486 46.662255 2.000000
91.643517 48.479376 2.000000
91.872383 47.851242 2.000000
92.581228 45.148735 2.000000
92.651516 52.750602 2.000000
97.335049 49.222212 2.000000
86.374751 42.740120 2.000000
90.370954 50.202538 2.000000
88.585872 48.454167 2.000000
91.631404 56.905688 2.000000
94.616861 44.615445 2.000000
92.529492 48.444845 2.000000
88.770099 49.954279 2.000000
93.502936 55.972645 2.000000
88.095420 51.309971 2.000000
95.661409 48.877972 2.000000
91.337777 47.505167 2.000000
91.368605 49.386136 2.000000
94.745231 47.413759 2.000000
88.469610 47.928078 2.000000
94.141357 53.872243 2.000000
93.130339 46.115964 2.000000
93.326854 52.023033 2.000000
92.708949 43.421371 2.000000
89.262373 48.533958 2.000000
86.124609 48.850636 2.000000
87.641182 49.673390 2.000000
84.400652 49.619076 2.000000
88.565314 52.171986 2.000000
91.394496 51.706999 2.000000
92.304903 53.376789 2.000000
91.527213 50.532621 2.000000
88.513821 49.424491 2.000000
90.554931 48.769131 2.000000
87.363834 52.219864 2.000000
92.536266 51.359797 2.000000
89.921509 47.380870 2.000000
91.365723 47.232791 2.000000
90.921796 49.311061 2.000000
95.869648 50.074949 2.000000
88.876353 50.424219 2.000000
97.928146 47.327583 2.000000
89.365849 55.470953 2.000000
88.672913 48.223355 2.000000
87.822567 55.310145 2.000000
88.558556 47.515253 2.000000
94.784958 51.976726 2.000000
97.105103 49.258351 2.000000
88.722032 44.543682 2.000000
84.972809 51.989756 2.000000
90.312871 49.237110 2.000000
93.402234 47.039471 2.000000
88.811776 52.376043 2.000000
87.939565 52.898076 2.000000
96.368880 50.152806 2.000000
91.182406 52.769195 2.000000
88.463171 49.407390 2.000000
90.214205 51.066048 2.000000
88.533215 46.015703 2.000000
80.212543 51.425743 2.000000
84.164480 45.850122 2.000000
89.944199 46.611593 2.000000
87.683431 51.633731 2.000000
86.231595 48.245240 2.000000
89.744388 55.613073 2.000000
87.273557 52.720791 2.000000
85.708517 42.557588 2.000000
88.371915 52.734963 2.000000
92.558920 50.814763 2.000000
91.220713 45.243797 2.000000
90.267234 49.273882 2.000000
86.786396 48.547756 2.000000
87.032744 49.045719 2.000000
85.308338 54.297925 2.000000
89.808545 50.424715 2.000000
83.220827 52.138819 2.000000
82.042555 50.359691 2.000000
85.011221 48.908520 2.000000
88.659162 46.616806 2.000000
88.421682 52.830435 2.000000
81.635936 53.249694 2.000000
79.028627 46.710886 2.000000
88.106836 52.612828 2.000000
89.850849 44.799600 2.000000
87.519558 55.279278 2.000000
92.925992 50.879375 2.000000
89.260993 53.215699 2.000000
85.931503 47.149505 2.000000
84.402066 50.266083 2.000000
81.489086 56.746269 2.000000
86.605599 47.409688 2.000000
82.496057 50.476846 2.000000
87.189601 45.434995 2.000000
88.898168 54.613194 2.000000
85.893690 53.076414 2.000000
84.994425 55.121094 2.000000
86.907841 53.606331 2.000000
86.783235 49.095585 2.000000
90.102084 46.844083 2.000000
80.130918 51.582140 2.000000
86.673536 51.055136 2.000000
83.556716 52.210017 2.000000
82.621529 48.688981 2.000000
85.764601 50.897147 2.000000
88.510920 51.777383 2.000000
83.546101 49.936102 2.000000
85.728389 52.035497 2.000000
82.477568 51.754116 2.000000
81.533826 51.485821 2.000000
85.798653 44.840826 2.000000
80.358088 50.649950 2.000000
83.933031 45.715030 2.000000
83.563028 50.258537 2.000000
84.855094 52.915178 2.000000
80.492863 50.290660 2.000000
81.761272 50.680747 2.000000
87.987046 52.585074 2.000000
86.213094 57.634735 2.000000
84.045071 47.635488 2.000000
87.006081 48.797947 2.000000
86.926479 53.526360 2.000000
87.497963 55.581214 2.000000
82.543709 49.711339 2.000000
92.018980 49.286615 2.000000
84.664637 53.208621 2.000000
84.505171 47.870391 2.000000
82.002842 49.456696 2.000000
86.686798 48.738369 2.000000
82.150891 48.020436 2.000000
86.248229 48.313437 2.000000
85.635109 48.010914 2.000000
82.952668 48.033445 2.000000
85.871582 50.595065 2.000000
88.740095 55.795705 2.000000
81.842509 49.572770 2.000000
84.309299 47.308902 2.000000
80.932156 49.586477 2.000000
87.337029 52.448104 2.000000
88.488506 47.033062 2.000000
83.015853 56.744483 2.000000
78.898455 47.882050 2.000000
86.307083 47.985031 2.000000
87.011094 52.157453 2.000000
85.704909 46.978955 2.000000
81.906948 51.656285 2.000000
85.353067 51.536087 2.000000
77.178945 47.925906 2.000000
84.126370 53.638511 2.000000
81.064185 55.104794 2.000000
83.460171 51.710745 2.000000
82.214291 58.232257 2.000000
84.468620 52.813669 2.000000
87.651861 50.586296 2.000000
79.968343 49.481977 2.000000
82.620647 50.956414 2.000000
85.379398 52.430464 2.000000
78.886849 48.328215 2.000000
82.849778 48.257802 2.000000
85.200780 49.185816 2.000000
84.211135 48.666465 2.000000
84.699785 57.094136 2.000000
75.941010 49.485137 2.000000
81.595878 49.026319 2.000000
78.886967 52.658971 2.000000
86.825023 51.959775 2.000000
85.965197 54.176803 2.000000
85.291140 50.569372 2.000000
85.893478 48.863058 2.000000
86.662668 51.304886 2.000000
84.068995 46.476355 2.000000
86.251292 52.692813 2.000000
81.361316 52.568201 2.000000
80.722948 56.634272 2.000000
78.864108 52.837349 2.000000
78.643434 53.596137 2.000000
82.008629 54.011306 2.000000
81.364717 52.226381 2.000000
81.871495 57.417770 2.000000
87.106403 50.984969 2.000000
78.043397 54.505124 2.000000
84.104593 49.286384 2.000000
81.505570 48.514787 2.000000
81.246610 52.763059 2.000000
80.558881 54.641190 2.000000
76.665001 54.902690 2.000000
80.735910 51.313267 2.000000
77.911022 54.706623 2.000000
80.895026 51.707829 2.000000
81.241192 57.426767 2.000000
81.626688 51.525644 2.000000
82.470380 51.177918 2.000000
77.831310 52.887320 2.000000
85.363078 52.642515 2.000000
78.448402 52.499231 2.000000
83.731466 51.134327 2.000000
77.021703 50.934312 2.000000
79.444874 57.252949 2.000000
78.455741 58.850580 2.000000
79.091484 53.163821 2.000000
81.958903 53.853044 2.000000
75.232021 52.660157 2.000000
81.277434 51.642965 2.000000
85.674269 58.440916 2.000000
78.881224 52.915155 2.000000
74.592137 56.128346 2.000000
77.494752 56.147276 2.000000
79.679667 46.671246 2.000000
72.689107 52.257786 2.000000
80.710607 44.857923 2.000000
76.182141 51.571126 2.000000
80.660646 53.826041 2.000000
76.767771 47.983755 2.000000
76.937697 45.103331 2.000000
77.580840 53.886597 2.000000
80.723692 49.925556 2.000000
81.890195 60.896598 2.000000
81.010557 55.608848 2.000000
84.195841 62.844501 2.000000
81.178987 55.561911 2.000000
76.203975 46.538327 2.000000
76.125545 52.137691 2.000000
74.491671 53.254496 2.000000
81.861761 58.139388 2.000000
75.855885 51.348300 2.000000
74.566790 52.624950 2.000000
81.548169 51.537086 2.000000
73.682809 58.925527 2.000000
80.080841 53.338677 2.000000
76.185255 50.824976 2.000000
82.686593 52.785660 2.000000
79.147676 51.669521 2.000000
77.483530 56.149754 2.000000
73.406341 49.526128 2.000000
79.565965 61.492182 2.000000
72.635378 50.421193 2.000000
80.859683 52.074654 2.000000
77.235406 54.904056 2.000000
76.584041 56.582711 2.000000
73.349232 54.555765 2.000000
74.121750 56.550309 2.000000
76.881244 59.156993 2.000000
75.672537 52.082364 2.000000
78.628796 48.761658 2.000000
79.550603 52.553340 2.000000
76.485607 54.305265 2.000000
77.668586 51.269275 2.000000
71.643868 57.493583 2.000000
75.601988 58.584294 2.000000
77.371206 51.169366 2.000000
74.361905 54.252287 2.000000
76.889897 52.249838 2.000000
72.802138 56.939915 2.000000
78.087448 57.750793 2.000000
79.232293 54.772650 2.000000
76.748197 50.707292 2.000000
78.697418 57.014968 2.000000
78.795126 54.711480 2.000000
82.999226 56.333733 2.000000
70.575650 53.148408 2.000000
77.430945 54.048155 2.000000
75.751045 57.611054 2.000000
79.270492 56.840503 2.000000
79.557666 56.996723 2.000000
74.210226 55.143043 2.000000
74.539226 58.188342 2.000000
78.210651 56.885750 2.000000
77.168701 52.700052 2.000000
78.759613 54.014838 2.000000
77.919018 48.145614 2.000000
74.300441 55.408597 2.000000
73.366086 60.228852 2.000000
72.037662 56.129704 2.000000
76.892389 51.126256 2.000000
78.875285 54.172011 2.000000
73.836318 49.578718 2.000000
77.484791 55.980884 2.000000
73.210133 56.647512 2.000000
72.571445 55.928841 2.000000
76.360035 53.359972 2.000000
78.499864 52.998330 2.000000
79.796834 56.854245 2.000000
73.869779 59.207769 2.000000
74.256932 56.758132 2.000000
75.733727 59.376834 2.000000
70.790892 58.098893 2.000000
78.314167 62.553877 2.000000
72.829938 58.956844 2.000000
74.755462 59.247503 2.000000
75.660291 56.351190 2.000000
73.539041 58.667430 2.000000
76.205456 56.005129 2.000000
74.115997 55.961564 2.000000
71.891163 54.921393 2.000000
74.087208 60.370728 2.000000
75.617502 52.740951 2.000000
73.347061 58.737923 2.000000
78.170495 60.617062 2.000000
75.383461 55.773697 2.000000
75.745481 51.195134 2.000000
78.486042 59.196497 2.000000
72.146153 54.374596 2.000000
74.605836 58.335793 2.000000
77.634189 56.549601 2.000000
74.675392 57.001056 2.000000
72.832476 60.954544 2.000000
70.463274 54.346868 2.000000
78.450107 57.972596 2.000000
76.683307 58.305325 2.000000
69.846105 53.346151 2.000000
70.479151 57.497655 2.000000
65.067407 53.607621 2.000000
68.151975 62.850553 2.000000
70.868972 54.900792 2.000000
75.146212 63.246529 2.000000
73.237044 58.544306 2.000000
69.632134 57.193370 2.000000
76.843167 53.654569 2.000000
72.797918 60.791744 2.000000
68.630847 60.461035 2.000000
71.317802 55.603675 2.000000
72.507464 52.412036 2.000000
69.915411 56.771381 2.000000
74.498630 57.306829 2.000000
72.017360 59.086567 2.000000
76.288885 58.792630 2.000000
72.523369 58.093798 2.000000
72.725072 58.750250 2.000000
71.701183 57.786898 2.000000
76.096771 58.943820 2.000000
70.024415 54.158390 2.000000
72.954401 63.492763 2.000000
70.371605 56.559966 2.000000
73.320119 58.798116 2.000000
72.262429 54.617266 2.000000
71.522729 56.841973 2.000000
70.550585 59.884284 2.000000
73.826233 60.057552 2.000000
70.785599 60.536688 2.000000
71.362534 61.622086 2.000000
70.194081 59.343613 2.000000
72.787857 57.881836 2.000000
71.262590 59.587367 2.000000
78.710071 56.791076 2.000000
74.798972 59.870919 2.000000
73.069389 65.686586 2.000000
73.562616 68.127676 2.000000
68.856093 64.123142 2.000000
72.222379 63.206766 2.000000
74.006395 59.751603 2.000000
71.840902 60.593356 2.000000
73.734823 60.115061 2.000000
69.457369 53.296332 2.000000
71.001439 58.195558 2.000000
70.841469 61.449052 2.000000
72.354697 57.575250 2.000000
74.319487 63.823673 2.000000
65.071715 62.693565 2.000000
72.104268 60.661346 2.000000
71.663033 54.743565 2.000000
74.701951 56.842398 2.000000
64.344798 55.189067 2.000000
75.550426 60.446353 2.000000
71.917172 60.600241 2.000000
76.559454 59.392036 2.000000
70.053805 61.831803 2.000000
71.435365 59.722217 2.000000
70.554640 58.138879 2.000000
72.298314 57.409190 2.000000
67.770209 63.639211 2.000000
74.114927 58.066560 2.000000
68.767030 58.947320 2.000000
74.183740 59.391484 2.000000
71.068146 59.771006 2.000000
71.237250 62.549718 2.000000
72.437869 58.880142 2.000000
76.050719 59.124928 2.000000
72.698258 59.396910 2.000000
75.119214 62.472580 2.000000
74.842656 59.348530 2.000000
68.524641 52.122841 2.000000
71.441666 58.241684 2.000000
67.524949 59.647204 2.000000
65.862518 59.173285 2.000000
70.769340 60.138149 2.000000
73.647352 57.786199 2.000000
66.124739 58.948397 2.000000
61.468128 57.105595 2.000000
67.732378 65.315445 2.000000
65.311105 58.978113 2.000000
65.956803 58.507956 2.000000
68.843157 48.474971 2.000000
73.838951 63.927238 2.000000
71.095775 59.825735 2.000000
70.340567 65.613638 2.000000
67.887491 58.068913 2.000000
65.927754 63.226356 2.000000
67.068801 55.889175 2.000000
66.304436 68.757777 2.000000
69.151845 58.807175 2.000000
66.562070 60.037543 2.000000
67.227284 63.387979 2.000000
69.540850 61.003220 2.000000
69.566680 60.686553 2.000000
72.334367 61.585551 2.000000
69.923280 64.640278 2.000000
69.795920 59.633061 2.000000
65.474232 58.568288 2.000000
69.359304 59.295356 2.000000
66.679404 59.570652 2.000000
69.752538 58.208994 2.000000
62.490848 60.584908 2.000000
73.790037 59.771002 2.000000
61.293536 63.749627 2.000000
66.291628 62.894924 2.000000
60.370626 60.125378 2.000000
69.196289 62.696805 2.000000
69.338275 59.942014 2.000000
69.946609 58.882861 2.000000
68.787993 60.191234 2.000000
66.357017 67.976866 2.000000
68.483948 59.279947 2.000000
67.001523 62.546817 2.000000
73.473820 62.885958 2.000000
66.972983 66.275186 2.000000
72.124394 60.735033 2.000000
63.328242 59.513461 2.000000
70.458905 68.378141 2.000000
68.585061 60.913539 2.000000
67.744571 63.676784 2.000000
66.734767 65.788768 2.000000
67.983284 56.616410 2.000000
69.222290 66.464682 2.000000
64.752923 63.123344 2.000000
68.473730 66.491298 2.000000
66.465913 57.085057 2.000000
67.626378 62.748220 2.000000
74.254978 69.019117 2.000000
63.069050 56.266981 2.000000
70.246780 63.021559 2.000000
63.706203 62.657264 2.000000
71.185842 61.656896 2.000000
65.355603 59.615435 2.000000
63.082009 60.908113 2.000000
69.533752 64.916830 2.000000
65.166701 59.752287 2.000000
64.554860 55.998847 2.000000
65.938190 61.564719 2.000000
70.640635 66.403377 2.000000
68.502638 63.537662 2.000000
67.939245 63.076585 2.000000
69.084892 62.939897 2.000000
66.172257 60.048117 2.000000
60.298381 59.318664 2.000000
65.913216 62.065454 2.000000
66.709535 65.609253 2.000000
70.491270 57.284831 2.000000
63.452230 58.639139 2.000000
62.714118 61.290807 2.000000
69.324683 65.151518 2.000000
68.678792 69.190577 2.000000
64.730130 71.375038 2.000000
68.243537 67.709823 2.000000
62.815625 64.065152 2.000000
68.837240 64.305953 2.000000
63.142929 61.067970 2.000000
63.909286 63.667363 2.000000
63.742887 62.331879 2.000000
64.044976 65.956891 2.000000
66.618544 64.720975 2.000000
66.117873 60.107784 2.000000
63.415766 63.935778 2.000000
70.121822 68.022576 2.000000
70.202244 60.351168 2.000000
66.263549 65.989356 2.000000
64.918652 63.368843 2.000000
60.948212 68.473188 2.000000
65.668006 66.449729 2.000000
67.152896 63.045301 2.000000
62.440156 62.919354 2.000000
66.606920 67.424287 2.000000
64.767380 66.907167 2.000000
62.772721 65.915656 2.000000
65.518235 67.078215 2.000000
65.162312 67.048439 2.000000
68.366507 65.991120 2.000000
64.432312 61.830797 2.000000
69.829473 69.010522 2.000000
62.218294 61.589797 2.000000
59.557497 65.424961 2.000000
65.484628 59.154745 2.000000
62.111206 71.394210 2.000000
67.999441 68.440785 2.000000
67.211903 66.008448 2.000000
65.860470 60.997864 2.000000
65.119089 60.107094 2.000000
65.056976 64.976368 2.000000
58.258238 67.180425 2.000000
71.885214 66.422894 2.000000
60.685005 68.473409 2.000000
62.888988 58.770538 2.000000
65.383578 67.298520 2.000000
68.420770 66.086693 2.000000
65.589031 65.117345 2.000000
65.856367 69.464835 2.000000
63.634485 65.011674 2.000000
61.880486 60.723788 2.000000
64.243508 61.426351 2.000000
62.411659 62.618771 2.000000
62.978969 62.841982 2.000000
65.029835 66.089617 2.000000
61.974504 65.070182 2.000000
59.700449 63.389077 2.000000
49.187975 65.552952 2.000000
62.852429 66.533464 2.000000
66.893287 72.325818 2.000000
65.932418 64.953928 2.000000
60.676625 64.698163 2.000000
61.142072 70.308361 2.000000
60.874523 66.863455 2.000000
60.051650 68.672914 2.000000
65.974201 65.136528 2.000000
66.867120 62.698869 2.000000
65.771273 67.086937 2.000000
67.494423 67.359806 2.000000
64.252010 67.490575 2.000000
61.110087 65.973255 2.000000
58.644452 71.655199 2.000000
60.025867 70.590305 2.000000
64.368223 68.792442 2.000000
67.312089 68.278277 2.000000
61.101301 67.231800 2.000000
63.936331 62.561177 2.000000
68.965286 62.979819 2.000000
63.105901 68.517106 2.000000
61.583198 67.642186 2.000000
62.171139 67.701676 2.000000
61.872356 69.906446 2.000000
61.356298 63.976595 2.000000
60.738336 69.512078 2.000000
60.600354 66.008271 2.000000
66.273090 69.875893 2.000000
64.833167 69.363272 2.000000
62.017441 63.516933 2.000000
60.466102 67.039010 2.000000
58.251223 71.008910 2.000000
61.746315 63.961720 2.000000
54.032095 68.327980 2.000000
68.474658 74.641808 2.000000
65.237098 70.228509 2.000000
63.373932 63.758784 2.000000
63.862032 70.215731 2.000000
60.984916 66.548159 2.000000
62.368577 62.938767 2.000000
57.322870 72.696022 2.000000
65.838740 69.908085 2.000000
62.318337 67.897477 2.000000
61.548538 70.294409 2.000000
63.501935 66.517603 2.000000
60.441110 71.619890 2.000000
64.553198 71.824508 2.000000
62.396874 68.193913 2.000000
59.435758 76.003986 2.000000
58.784368 63.476037 2.000000
62.409978 64.934787 2.000000
57.120204 69.949866 2.000000
55.739197 67.968323 2.000000
67.322244 73.800133 2.000000
62.606865 65.950479 2.000000
60.828087 65.020794 2.000000
59.278063 69.599672 2.000000
59.821745 70.095643 2.000000
60.325119 73.132642 2.000000
66.099854 68.828795 2.000000
64.806355 69.433004 2.000000
61.004684 68.273046 2.000000
62.464309 74.007988 2.000000
57.575091 71.042504 2.000000
57.121776 73.094429 2.000000
56.742371 66.007805 2.000000
56.986645 70.526987 2.000000
63.968490 63.768415 2.000000
65.774136 65.409767 2.000000
55.081326 69.922550 2.000000
59.609219 72.065757 2.000000
58.551942 63.293935 2.000000
67.579380 64.551260 2.000000
60.706930 71.093907 2.000000
55.858031 69.480250 2.000000
60.685867 72.253391 2.000000
61.791188 70.513496 2.000000
60.350370 68.898394 2.000000
58.670098 67.041102 2.000000
60.785924 69.142821 2.000000
59.663016 73.926158 2.000000
61.238623 73.365555 2.000000
59.413548 67.014526 2.000000
55.405907 73.142293 2.000000
63.897184 69.626956 2.000000
64.670416 70.749323 2.000000
53.136730 67.677108 2.000000
66.103231 70.213495 2.000000
52.358064 69.058101 2.000000
57.494623 71.826530 2.000000
56.270275 65.218931 2.000000
62.922990 71.656248 2.000000
58.615237 69.656078 2.000000
55.123875 71.842297 2.000000
57.573571 71.240308 2.000000
60.874647 72.166583 2.000000
56.098759 70.093640 2.000000
52.851010 71.070677 2.000000
56.780524 64.008779 2.000000
56.678542 69.757269 2.000000
56.587001 64.936072 2.000000
57.565624 68.145811 2.000000
58.690402 69.360900 2.000000
55.900528 73.951582 2.000000
57.386962 69.713168 2.000000
62.912216 70.986658 2.000000
59.410613 74.022555 2.000000
55.712394 69.377475 2.000000
56.863823 64.474951 2.000000
58.999786 65.629724 2.000000
59.641543 72.031933 2.000000
58.988108 68.926618 2.000000
53.466009 72.398691 2.000000
63.030798 68.987576 2.000000
60.431474 67.594617 2.000000
60.151233 72.172650 2.000000
54.301524 75.469707 2.000000
62.207975 66.670955 2.000000
55.379315 71.989980 2.000000
52.187378 64.381510 2.000000
55.280543 68.570593 2.000000
59.894378 71.620780 2.000000
62.744056 70.273640 2.000000
54.388100 68.377672 2.000000
55.855217 73.923696 2.000000
59.614431 64.574832 2.000000
54.169562 70.621336 2.000000
54.763892 69.364925 2.000000
57.854211 71.350178 2.000000
56.395233 77.786422 2.000000
54.464944 70.045121 2.000000
61.581722 71.981776 2.000000
47.455008 68.779105 2.000000
50.253355 78.693114 2.000000
56.751623 75.249645 2.000000
57.398718 69.285346 2.000000
58.374842 69.998427 2.000000
50.534651 71.521345 2.000000
55.822079 72.437989 2.000000
56.186139 69.611501 2.000000
49.417790 69.442243 2.000000
56.752330 72.113861 2.000000
57.814081 72.968512 2.000000
64.071655 76.079444 2.000000
58.152464 75.245160 2.000000
56.422755 69.965561 2.000000
56.839415 70.779713 2.000000
55.138120 71.041036 2.000000
58.539338 74.526383 2.000000
59.367075 72.486697 2.000000
54.345871 69.760944 2.000000
56.045034 77.999112 2.000000
53.816457 69.349033 2.000000
53.305667 71.236068 2.000000
55.970136 72.563441 2.000000
52.456749 72.174266 2.000000
56.601856 70.036643 2.000000
57.398749 76.039047 2.000000
58.104406 72.844267 2.000000
48.223220 68.596134 2.000000
52.456362 68.409860 2.000000
54.338291 70.126396 2.000000
49.715890 75.030464 2.000000
54.035335 72.173560 2.000000
54.545893 76.185071 2.000000
53.745794 70.507003 2.000000
51.782948 72.094819 2.000000
50.800572 72.808932 2.000000
54.754519 76.679353 2.000000
51.431510 73.332208 2.000000
54.561081 70.225822 2.000000
53.162107 66.810953 2.000000
55.590025 69.993447 2.000000
56.355756 68.874476 2.000000
54.920845 72.677115 2.000000
53.969869 73.399411 2.000000
51.888776 72.927886 2.000000
54.732907 78.062222 2.000000
50.196127 71.225635 2.000000
55.028184 73.120781 2.000000
50.226208 71.971785 2.000000
55.685870 68.327078 2.000000
54.912158 77.721923 2.000000
55.907879 73.543005 2.000000
54.739786 72.767654 2.000000
55.953889 73.567956 2.000000
53.233068 66.629589 2.000000
54.696538 72.344835 2.000000
54.326706 75.086430 2.000000
55.944998 72.106113 2.000000
53.442436 75.010508 2.000000
49.262628 66.863297 2.000000
53.940151 77.921116 2.000000
52.523542 75.214753 2.000000
56.600355 71.755504 2.000000
56.848433 73.155558 2.000000
55.924220 80.105787 2.000000
57.273262 71.078997 2.000000
51.377125 75.865753 2.000000
60.498484 70.614800 2.000000
53.069018 73.903945 2.000000
52.341710 76.786668 2.000000
55.462050 82.221678 2.000000
54.749731 73.667884 2.000000
45.174478 74.983865 2.000000
53.037867 71.036477 2.000000
50.178227 73.808238 2.000000
54.192890 67.448017 2.000000
49.770032 69.495111 2.000000
51.645596 74.536352 2.000000
57.605797 73.014390 2.000000
48.118022 73.279014 2.000000
51.304316 74.620097 2.000000
53.500504 73.915591 2.000000
48.434871 78.424682 2.000000
52.219349 70.541914 2.000000
46.763784 71.966017 2.000000
50.599885 75.581438 2.000000
53.142070 73.959116 2.000000
54.663809 76.480311 2.000000
57.700530 73.864301 2.000000
53.659508 72.436252 2.000000
54.116611 75.258140 2.000000
48.690386 73.587105 2.000000
54.745319 74.350099 2.000000
51.606264 73.591503 2.000000
46.011085 69.123067 2.000000
53.080666 77.840058 2.000000
52.708425 77.181774 2.000000
55.040848 74.998149 2.000000
47.235285 75.464179 2.000000
51.392021 77.936896 2.000000
54.236579 76.652983 2.000000
48.472405 72.498197 2.000000
49.528505 70.956281 2.000000
52.244334 74.972860 2.000000
50.584779 72.855750 2.000000
44.196076 76.471132 2.000000
47.433752 76.709499 2.000000
46.979365 75.619261 2.000000
49.537499 68.578730 2.000000
54.174936 78.044493 2.000000
45.718060 79.616069 2.000000
50.652773 69.367634 2.000000
43.840312 71.731202 2.000000
51.037462 75.363025 2.000000
45.574675 79.010211 2.000000
42.683675 75.319713 2.000000
50.168992 80.920038 2.000000
53.947604 74.246821 2.000000
50.799719 74.320370 2.000000
48.623921 73.702015 2.000000
46.976746 76.736395 2.000000
52.599887 69.532281 2.000000
49.136201 77.864234 2.000000
49.289682 73.751705 2.000000
48.312874 72.867505 2.000000
49.589222 70.529609 2.000000
47.199496 71.727718 2.000000
49.770864 74.167165 2.000000
45.402331 74.920221 2.000000
50.601111 75.012321 2.000000
50.496289 75.163757 2.000000
46.604046 79.636282 2.000000
47.300734 78.307858 2.000000
48.134866 72.895188 2.000000
44.785079 74.966741 2.000000
46.225299 75.306788 2.000000
49.782703 79.975572 2.000000
49.951464 77.416931 2.000000
50.340422 76.222429 2.000000
46.756507 78.419312 2.000000
52.655882 77.454031 2.000000
47.537871 68.957701 2.000000
48.208627 73.122554 2.000000
51.090516 77.593506 2.000000
44.571442 75.011482 2.000000
52.905523 74.852370 2.000000
47.404768 75.605741 2.000000
46.784747 73.752744 2.000000
46.956182 72.122540 2.000000
46.829441 72.376337 2.000000
46.635563 76.204356 2.000000
49.603756 73.426629 2.000000
49.479877 73.105680 2.000000
41.745805 76.902214 2.000000
45.663165 81.212961 2.000000
41.679696 78.811016 2.000000
47.040197 76.750842 2.000000
50.835803 78.443598 2.000000
40.532522 72.763808 2.000000
46.424421 78.385608 2.000000
49.185615 73.420141 2.000000
42.768713 81.748283 2.000000
43.797542 75.878399 2.000000
50.180446 76.842253 2.000000
48.609215 73.878322 2.000000
45.069245 76.823786 2.000000
47.975214 73.771685 2.000000
45.837246 73.686685 2.000000
45.784544 73.428378 2.000000
41.951652 76.224326 2.000000
45.755354 74.706274 2.000000
51.034149 77.378908 2.000000
47.804097 71.438131 2.000000
43.187326 75.707219 2.000000
48.435622 76.905741 2.000000
45.052603 74.831583 2.000000
44.381057 75.258370 2.000000
51.167164 74.049760 2.000000
46.382656 73.063967 2.000000
42.540261 75.362501 2.000000
48.524382 72.277571 2.000000
42.105358 78.680737 2.000000
50.358984 71.499108 2.000000
46.774235 76.421797 2.000000
43.185246 73.727430 2.000000
46.141598 74.218129 2.000000
47.804733 78.050650 2.000000
44.697880 77.033929 2.000000
51.041876 74.613767 2.000000
46.739806 81.063610 2.000000
43.043180 74.862133 2.000000
46.234524 76.589690 2.000000
46.412494 73.250376 2.000000
40.548103 73.613312 2.000000
44.280242 80.312927 2.000000
49.116173 78.957145 2.000000
43.043081 79.455697 2.000000
44.894919 73.419956 2.000000
44.915129 74.950963 2.000000
41.993416 81.119648 2.000000
40.320882 70.547410 2.000000
44.475128 77.122629 2.000000
54.001018 78.593742 2.000000
39.930814 78.341120 2.000000
38.784293 76.732460 2.000000
47.752580 75.707629 2.000000
41.023939 74.894750 2.000000
43.990111 75.570052 2.000000
37.124103 73.810629 2.000000
51.054773 71.385292 2.000000
47.815877 71.027588 2.000000
43.271051 75.688716 2.000000
47.988899 76.039469 2.000000
49.087944 77.476575 2.000000
43.043557 75.200709 2.000000
35.488771 77.580819 2.000000
47.706180 83.147984 2.000000
47.312733 73.375186 2.000000
44.637690 77.710561 2.000000
41.208465 78.530317 2.000000
45.730538 79.499325 2.000000
36.929109 76.181086 2.000000
40.748204 71.721838 2.000000
43.348622 74.424243 2.000000
42.037672 73.111035 2.000000
40.262759 75.034105 2.000000
42.860412 76.217408 2.000000
41.058257 76.556087 2.000000
42.454687 73.252621 2.000000
39.527277 79.109239 2.000000
41.062110 74.926490 2.000000
38.942664 77.558762 2.000000
42.634861 76.199518 2.000000
45.961758 71.974396 2.000000
42.224221 72.022459 2.000000
36.379806 73.599571 2.000000
42.956927 76.383767 2.000000
42.600153 74.743440 2.000000
38.257715 79.822485 2.000000
45.673051 80.399308 2.000000
46.223286 74.009647 2.000000
42.666614 73.554170 2.000000
43.773140 76.952151 2.000000
41.621786 71.482149 2.000000
46.788282 76.562147 2.000000
42.446873 75.675390 2.000000
40.488568 75.168413 2.000000
39.696555 75.809271 2.000000
41.132466 78.083683 2.000000
43.511936 77.104387 2.000000
43.885304 76.602000 2.000000
37.124295 73.142501 2.000000
38.492540 76.816379 2.000000
39.340062 75.198129 2.000000
40.293253 69.651614 2.000000
39.338381 76.383804 2.000000
41.800688 74.113499 2.000000
42.955993 75.966517 2.000000
41.259639 78.796378 2.000000
38.797002 76.816578 2.000000
39.193473 76.055578 2.000000
42.455400 78.087819 2.000000
37.078457 69.396111 2.000000
46.311865 75.361284 2.000000
42.571455 75.066719 2.000000
40.692875 75.232442 2.000000
36.560885 71.501693 2.000000
35.563002 75.669773 2.000000
39.960955 72.650258 2.000000
38.487097 76.198141 2.000000
38.206385 75.085531 2.000000
41.433693 75.890032 2.000000
39.972951 76.711192 2.000000
37.008890 72.225926 2.000000
36.793289 78.906432 2.000000
45.204347 72.728409 2.000000
36.670105 77.494834 2.000000
39.802950 75.090142 2.000000
40.891046 74.590902 2.000000
37.191294 76.096184 2.000000
38.540120 78.065392 2.000000
39.921669 73.351121 2.000000
42.295060 72.653346 2.000000
39.519494 70.009950 2.000000
38.842644 71.119965 2.000000
39.564077 77.946455 2.000000
36.181601 71.427845 2.000000
40.164259 72.848132 2.000000
36.956144 75.183843 2.000000
35.448032 71.725567 2.000000
37.927897 72.546721 2.000000
34.557309 74.677783 2.000000
39.367721 73.377842 2.000000
38.242423 69.083788 2.000000
36.206758 76.881341 2.000000
42.924022 71.454657 2.000000
34.772391 69.515367 2.000000
37.837854 78.646576 2.000000
32.509412 73.108458 2.000000
35.053009 72.091619 2.000000
37.337294 71.128889 2.000000
36.508366 71.576109 2.000000
38.400212 72.155498 2.000000
38.271265 66.896823 2.000000
43.658978 78.458172 2.000000
43.335611 76.449863 2.000000
39.798269 67.813854 2.000000
41.842631 74.358437 2.000000
38.904349 73.544761 2.000000
37.123882 73.828338 2.000000
47.387258 70.213993 2.000000
30.810392 75.310643 2.000000
35.049118 74.541147 2.000000
35.157420 70.017216 2.000000
35.740893 72.672458 2.000000
34.856747 79.174626 2.000000
38.217021 70.941229 2.000000
42.785725 78.466952 2.000000
31.963294 74.680794 2.000000
29.993458 67.868516 2.000000
31.951168 74.877027 2.000000
37.988839 70.864839 2.000000
36.681484 76.320383 2.000000
38.840472 69.792073 2.000000
38.673592 75.008332 2.000000
32.021513 71.716480 2.000000
37.854089 67.590321 2.000000
37.606046 67.247734 2.000000
36.548346 74.037313 2.000000
35.312474 76.075098 2.000000
36.704626 69.322454 2.000000
32.688462 68.484928 2.000000
31.819532 77.743132 2.000000
34.178216 75.538311 2.000000
30.312241 67.989233 2.000000
39.129974 70.307340 2.000000
38.598444 77.776613 2.000000
34.805218 75.996665 2.000000
36.321541 73.743110 2.000000
29.347031 72.900299 2.000000
32.348099 75.116059 2.000000
31.630573 69.651826 2.000000
33.405844 70.994353 2.000000
29.538700 75.362221 2.000000
34.006911 69.031996 2.000000
38.320216 72.921952 2.000000
32.658199 72.189754 2.000000
37.879354 70.964929 2.000000
37.162157 75.386378 2.000000
31.998797 76.340362 2.000000
34.266316 80.177930 2.000000
28.678793 65.545302 2.000000
34.258950 74.234343 2.000000
35.487168 70.980765 2.000000
38.307840 66.825922 2.000000
34.269185 69.359375 2.000000
35.527962 71.900741 2.000000
36.878860 72.992553 2.000000
36.770642 69.457100 2.000000
37.399492 73.147396 2.000000
28.681961 72.086870 2.000000
29.411439 71.372110 2.000000
31.185288 69.826126 2.000000
37.921657 69.190469 2.000000
35.346101 73.765867 2.000000
29.340829 72.948934 2.000000
31.536813 73.732995 2.000000
32.006809 72.170173 2.000000
35.880356 74.858559 2.000000
32.824892 66.126063 2.000000
34.985118 64.792731 2.000000
38.433605 70.848682 2.000000
35.495090 72.032492 2.000000
29.934270 68.206150 2.000000
33.970194 71.965134 2.000000
35.225442 67.127614 2.000000
33.356663 74.487724 2.000000
29.210666 70.616291 2.000000
31.180433 71.318867 2.000000
35.529923 72.668714 2.000000
38.456968 72.564445 2.000000
33.275726 66.395889 2.000000
29.528664 71.346474 2.000000
29.983789 69.575515 2.000000
33.434623 71.431802 2.000000
35.696973 75.768651 2.000000
27.909398 72.797569 2.000000
27.714243 76.054653 2.000000
23.724485 67.389311 2.000000
25.896792 72.323095 2.000000
36.800543 66.729331 2.000000
29.633038 70.700326 2.000000
29.361975 70.976580 2.000000
31.070099 68.312205 2.000000
36.298851 72.170036 2.000000
28.821726 66.743650 2.000000
33.176403 68.252371 2.000000
28.864669 65.188801 2.000000
29.464233 70.256003 2.000000
28.735086 69.248392 2.000000
34.110828 70.477376 2.000000
29.281501 72.369338 2.000000
29.774547 74.138022 2.000000
29.846253 69.930788 2.000000
27.457271 68.672494 2.000000
24.390622 71.854664 2.000000
39.792363 72.946033 2.000000
33.631029 73.599260 2.000000
35.542006 70.170372 2.000000
33.371886 72.878188 2.000000
28.195076 68.634065 2.000000
33.986282 70.253839 2.000000
30.982212 70.822750 2.000000
35.673892 71.588274 2.000000
32.701273 76.029793 2.000000
34.121815 71.836450 2.000000
28.993452 67.646668 2.000000
27.693599 69.866794 2.000000
27.491053 65.975139 2.000000
30.853785 73.472183 2.000000
28.467467 71.075946 2.000000
26.512741 73.042956 2.000000
30.386514 72.205564 2.000000
32.605515 67.928691 2.000000
31.679903 72.406273 2.000000
30.778742 69.506233 2.000000
27.935171 76.722241 2.000000
29.043046 71.634772 2.000000
29.728092 70.495079 2.000000
30.231208 68.021294 2.000000
33.590214 71.485805 2.000000
30.395746 70.908710 2.000000
28.994329 72.072422 2.000000
28.920845 68.275935 2.000000
29.584554 71.149796 2.000000
27.101639 65.840388 2.000000
30.615253 66.734917 2.000000
30.774105 66.687144 2.000000
28.902504 66.882494 2.000000
27.526554 74.146104 2.000000
30.638440 65.910093 2.000000
30.351391 65.153337 2.000000
26.767898 69.547043 2.000000
26.560627 67.688049 2.000000
28.601625 74.242431 2.000000
28.619829 69.090621 2.000000
27.120306 72.889322 2.000000
34.099492 75.246819 2.000000
30.260526 66.727752 2.000000
30.457990 74.108001 2.000000
23.549065 67.258422 2.000000
28.529125 71.245701 2.000000
31.115891 68.163613 2.000000
30.820959 64.383188 2.000000
30.457906 69.769640 2.000000
26.325173 66.355680 2.000000
26.784562 64.941612 2.000000
33.519212 67.302206 2.000000
36.208717 71.080369 2.000000
27.928596 67.638248 2.000000
24.709846 64.959266 2.000000
31.079562 64.661058 2.000000
32.082629 66.936325 2.000000
26.832810 68.687913 2.000000
26.610183 65.461318 2.000000
26.139052 67.125695 2.000000
34.343554 66.818175 2.000000
23.897941 67.931074 2.000000
29.656500 67.721019 2.000000
26.913526 69.222826 2.000000
32.346758 68.479787 2.000000
22.401439 70.360725 2.000000
19.733952 65.674164 2.000000
26.355208 62.111111 2.000000
29.619017 69.639108 2.000000
24.378309 72.602972 2.000000
28.546663 65.823057 2.000000
30.281306 68.347281 2.000000
34.038195 65.120376 2.000000
29.686315 64.741215 2.000000
28.499358 70.744797 2.000000
25.788218 67.751810 2.000000
30.889449 71.403310 2.000000
30.862546 63.441118 2.000000
28.758642 65.826465 2.000000
27.880197 63.674780 2.000000
29.974437 65.770235 2.000000
25.161781 70.606593 2.000000
27.116571 66.870234 2.000000
29.166946 67.822701 2.000000
26.256812 66.363769 2.000000
27.815162 70.468683 2.000000
22.713092 75.812040 2.000000
25.437826 67.720544 2.000000
28.139212 66.443734 2.000000
29.640485 67.267398 2.000000
29.626310 73.716239 2.000000
24.903013 67.436772 2.000000
26.716643 67.511374 2.000000
25.201843 63.172616 2.000000
31.671524 70.610454 2.000000
27.461453 69.481004 2.000000
22.696778 68.167498 2.000000
25.517831 65.522519 2.000000
27.757390 66.021312 2.000000
29.547317 64.413576 2.000000
27.058576 62.860699 2.000000
22.549260 68.715662 2.000000
27.265668 68.448569 2.000000
21.039532 66.303455 2.000000
24.944712 66.144415 2.000000
26.444275 67.017964 2.000000
22.130368 65.868810 2.000000
28.943995 66.626348 2.000000
30.439384 72.718667 2.000000
28.892392 62.365127 2.000000
22.657199 68.217059 2.000000
28.944747 68.616321 2.000000
24.181052 62.360533 2.000000
26.694282 68.973706 2.000000
25.010709 66.522116 2.000000
29.003462 67.486316 2.000000
28.858515 63.817619 2.000000
26.267256 63.410913 2.000000
20.260373 64.570738 2.000000
23.981572 64.768106 2.000000
30.220261 62.206579 2.000000
25.519306 65.583747 2.000000
32.268454 65.478963 2.000000
26.371321 68.345110 2.000000
25.883358 67.325576 2.000000
25.936859 69.596459 2.000000
32.182762 60.624629 2.000000
24.661743 70.083306 2.000000
28.276397 63.383527 2.000000
20.688802 60.786303 2.000000
32.884233 66.541992 2.000000
25.785079 56.361794 2.000000
28.148724 64.039321 2.000000
24.707456 62.419841 2.000000
23.734216 63.637833 2.000000
25.118118 65.850886 2.000000
24.686886 62.072066 2.000000
22.520891 61.921840 2.000000
21.593048 68.587942 2.000000
28.781061 62.035392 2.000000
25.764671 67.533805 2.000000
27.646981 60.162715 2.000000
27.405664 65.594860 2.000000
26.759294 60.802439 2.000000
25.599494 65.147169 2.000000
20.407921 63.285706 2.000000
22.107633 64.023298 2.000000
23.358872 65.633687 2.000000
20.030646 61.512814 2.000000
31.475942 67.881699 2.000000
27.802178 60.112275 2.000000
22.895215 61.850525 2.000000
22.073563 64.185100 2.000000
23.471096 58.115354 2.000000
23.929406 67.159161 2.000000
22.524823 60.101893 2.000000
25.304332 64.465893 2.000000
22.629929 66.022653 2.000000
23.144588 58.537838 2.000000
24.198330 66.490373 2.000000
31.751095 65.406017 2.000000
24.003229 62.394908 2.000000
30.959887 61.681850 2.000000
24.461299 59.877844 2.000000
20.490361 59.562929 2.000000
23.013036 65.763809 2.000000
23.762935 62.904876 2.000000
26.039881 58.872242 2.000000
21.404151 59.755945 2.000000
20.263784 60.581946 2.000000
24.004819 62.153919 2.000000
27.304958 64.470029 2.000000
21.344879 61.516294 2.000000
27.789078 65.700557 2.000000
18.611596 64.007555 2.000000
27.799412 61.961376 2.000000
27.443092 63.256684 2.000000
24.221188 59.306969 2.000000
26.319195 65.550724 2.000000
23.965942 67.309052 2.000000
25.304074 61.036297 2.000000
26.978270 58.153118 2.000000
24.166007 65.691250 2.000000
23.792936 59.269384 2.000000
20.601844 60.229725 2.000000
17.675486 59.054064 2.000000
24.462406 64.702027 2.000000
27.411642 60.472767 2.000000
18.729152 59.583984 2.000000
21.247296 63.600173 2.000000
28.102971 65.625421 2.000000
23.389991 59.856479 2.000000
20.605236 58.550747 2.000000
23.266921 61.915702 2.000000
23.353961 63.403159 2.000000
20.282868 58.379737 2.000000
27.722266 62.176414 2.000000
24.332371 60.501720 2.000000
30.254042 60.707977 2.000000
22.013694 58.327661 2.000000
21.478938 60.950082 2.000000
18.807172 60.272365 2.000000
22.049601 60.921126 2.000000
24.412269 62.230301 2.000000
26.498407 61.987425 2.000000
21.341326 57.365607 2.000000
20.751701 61.984623 2.000000
21.152193 53.722786 2.000000
25.998452 58.467668 2.000000
26.369550 61.290374 2.000000
23.349565 62.773294 2.000000
20.255097 59.017473 2.000000
25.191490 57.895541 2.000000
22.015571 65.367236 2.000000
17.767786 60.088763 2.000000
27.801182 57.320382 2.000000
19.936725 60.781702 2.000000
24.681741 61.825384 2.000000
25.196294 59.971135 2.000000
19.635397 59.549322 2.000000
24.305632 57.725461 2.000000
22.949023 60.628222 2.000000
21.341046 62.081746 2.000000
22.947225 61.597105 2.000000
18.461923 58.273036 2.000000
20.638567 57.385478 2.000000
18.110043 56.992550 2.000000
21.310338 57.112771 2.000000
26.989708 61.827358 2.000000
23.917887 56.143483 2.000000
18.930048 58.795639 2.000000
23.910052 55.931904 2.000000
17.147982 55.567911 2.000000
23.093211 63.556809 2.000000
23.558217 61.011842 2.000000
26.116955 58.767217 2.000000
22.966651 62.512660 2.000000
25.528295 57.778385 2.000000
17.919265 58.358099 2.000000
18.503387 61.785383 2.000000
23.056057 58.220179 2.000000
21.234913 61.922226 2.000000
25.015764 58.512150 2.000000
25.780358 58.393151 2.000000
20.568076 55.287633 2.000000
19.060469 54.053854 2.000000
24.516462 51.276977 2.000000
18.971749 60.642860 2.000000
18.748975 59.638460 2.000000
20.211347 56.873391 2.000000
22.586599 56.021242 2.000000
21.953647 56.027553 2.000000
17.470717 62.536056 2.000000
26.775131 61.184555 2.000000
26.254832 57.160092 2.000000
22.281704 61.186999 2.000000
18.308200 54.554577 2.000000
21.360576 58.187686 2.000000
19.395024 53.314008 2.000000
22.256538 58.349288 2.000000
19.684580 59.271142 2.000000
24.306136 63.642577 2.000000
20.163984 58.691358 2.000000
20.748742 60.285035 2.000000
19.865819 57.079580 2.000000
28.557608 56.750362 2.000000
19.154761 59.448001 2.000000
22.249432 56.621523 2.000000
23.365179 55.055216 2.000000
24.845169 62.235395 2.000000
21.039231 60.000436 2.000000
23.427507 58.261972 2.000000
19.617834 53.777686 2.000000
16.658987 56.497637 2.000000
23.565228 58.433729 2.000000
18.645752 57.431334 2.000000
23.768327 58.042077 2.000000
18.995047 54.399836 2.000000
24.294521 54.473210 2.000000
17.885281 62.090577 2.000000
21.976274 53.599131 2.000000
21.548267 56.789830 2.000000
17.388359 50.493756 2.000000
21.972445 60.013159 2.000000
23.144094 58.606804 2.000000
18.560631 55.287481 2.000000
25.175769 53.925799 2.000000
15.436437 56.638119 2.000000
22.588677 54.420340 2.000000
15.439742 57.664218 2.000000
19.011904 56.650113 2.000000
19.900596 51.988476 2.000000
16.795112 52.177338 2.000000
20.377609 58.594060 2.000000
23.361473 55.734783 2.000000
25.922698 49.847991 2.000000
19.301793 56.748983 2.000000
25.392725 59.526005 2.000000
22.719542 58.211810 2.000000
23.720274 56.499452 2.000000
15.720771 54.048713 2.000000
19.229479 55.337307 2.000000
19.757964 56.293678 2.000000
18.232426 48.993323 2.000000
23.085372 57.416850 2.000000
19.723924 50.662999 2.000000
15.645242 50.053494 2.000000
26.316578 50.385433 2.000000
24.531047 58.177070 2.000000
17.704921 57.128200 2.000000
21.938943 51.393194 2.000000
19.324547 52.938741 2.000000
17.681779 53.254882 2.000000
16.834488 55.765336 2.000000
23.254553 50.583867 2.000000
20.058369 55.950313 2.000000
20.023269 53.924450 2.000000
18.560716 54.340198 2.000000
23.418660 52.353153 2.000000
20.804952 48.873363 2.000000
18.340612 52.478863 2.000000
16.966634 46.144005 2.000000
18.738659 54.893352 2.000000
22.292031 54.909002 2.000000
21.844587 54.288529 2.000000
18.139757 52.627088 2.000000
18.217450 51.630091 2.000000
15.660559 50.837241 2.000000
19.381127 51.390729 2.000000
23.994777 48.012624 2.000000
23.910607 52.709119 2.000000
16.054139 56.070501 2.000000
18.665895 51.625792 2.000000
18.208903 52.652295 2.000000
19.880086 54.071909 2.000000
20.543537 48.847424 2.000000
19.770179 52.472271 2.000000
18.437976 54.617377 2.000000
21.718636 53.383987 2.000000
13.815304 50.772549 2.000000
11.370453 52.153476 2.000000
23.973682 55.431266 2.000000
24.127710 43.974093 2.000000
19.488713 51.938074 2.000000
16.808874 53.146434 2.000000
22.525587 50.327573 2.000000
23.913502 54.405738 2.000000
17.498150 47.368486 2.000000
20.976392 50.902718 2.000000
15.019038 48.727815 2.000000
24.981596 46.929271 2.000000
21.154298 51.137534 2.000000
22.186859 51.281749 2.000000
18.375623 49.284664 2.000000
18.298235 55.858921 2.000000
19.342226 56.961344 2.000000
21.438587 47.602565 2.000000
14.574912 47.460973 2.000000
20.903115 51.759572 2.000000
16.292269 54.092027 2.000000
17.932129 50.602655 2.000000
17.485263 56.453022 2.000000
24.557920 53.704104 2.000000
16.004472 50.117004 2.000000
22.962819 49.136224 2.000000
21.832717 52.836841 2.000000
21.304700 45.646425 2.000000
21.679341 53.279123 2.000000
22.002247 52.923132 2.000000
18.968965 51.242746 2.000000
21.437717 52.073136 2.000000
18.271651 51.631291 2.000000
21.480753 56.672217 2.000000
16.663719 48.009563 2.000000
19.625898 50.533933 2.000000
17.002038 49.536955 2.000000
21.127416 47.792560 2.000000
22.359743 49.618006 2.000000
18.202135 52.080111 2.000000
16.166081 46.766802 2.000000
18.771063 47.819462 2.000000
18.731995 50.764425 2.000000
13.838370 50.502957 2.000000
18.542807 55.529117 2.000000
20.081473 53.143284 2.000000
17.787117 45.186865 2.000000
21.195622 47.693066 2.000000
17.362861 49.614823 2.000000
16.548407 47.252311 2.000000
16.216068 48.870097 2.000000
15.728974 47.128642 2.000000
14.107795 52.381408 2.000000
15.659043 46.669009 2.000000
18.047030 51.143451 2.000000
21.428178 47.002488 2.000000
19.228899 46.796785 2.000000
14.611421 45.965839 2.000000
16.999519 43.822290 2.000000
21.277783 52.293188 2.000000
15.152878 45.832728 2.000000
21.074905 50.382180 2.000000
19.165898 47.492706 2.000000
21.601585 51.168005 2.000000
16.339022 46.772941 2.000000
15.353024 46.500897 2.000000
19.772524 46.373968 2.000000
17.165336 46.758940 2.000000
19.735323 44.063482 2.000000
22.827669 51.173325 2.000000
16.772080 45.890038 2.000000
23.967487 48.922561 2.000000
20.846829 50.145763 2.000000
19.082925 46.328574 2.000000
19.970185 47.919224 2.000000
13.102684 44.902844 2.000000
14.560266 52.699786 2.000000
13.421659 46.710739 2.000000
23.726903 44.265891 2.000000
16.835147 40.155080 2.000000
16.552421 43.461750 2.000000
17.321806 50.258322 2.000000
18.222346 47.988905 2.000000
18.703966 41.959510 2.000000
16.322359 48.434647 2.000000
13.648484 50.700322 2.000000
18.687195 47.642037 2.000000
16.327270 49.472394 2.000000
23.303774 39.828161 2.000000
13.152328 45.798838 2.000000
11.139217 44.892305 2.000000
14.026873 50.112628 2.000000
16.688132 38.571647 2.000000
20.656613 48.621216 2.000000
16.737172 48.431201 2.000000
14.508341 42.289221 2.000000
20.144955 45.939245 2.000000
18.214629 43.103814 2.000000
17.717085 41.406298 2.000000
16.787017 48.084916 2.000000
15.114762 44.732526 2.000000
20.087120 42.774563 2.000000
15.705069 49.407683 2.000000
17.387719 50.207906 2.000000
18.115888 40.943703 2.000000
13.770798 47.852220 2.000000
18.143156 44.574672 2.000000
24.012292 45.199827 2.000000
15.731148 40.306135 2.000000
10.367327 41.569171 2.000000
18.642261 40.068907 2.000000
18.183324 42.312669 2.000000
17.425503 46.029278 2.000000
13.383742 42.952832 2.000000
21.850311 53.842343 2.000000
16.982560 42.986124 2.000000
18.272971 46.477727 2.000000
21.726480 48.316655 2.000000
20.323207 45.313944 2.000000
19.510877 47.347423 2.000000
17.867974 44.678752 2.000000
19.279324 46.237714 2.000000
19.608402 43.038376 2.000000
12.961030 40.370439 2.000000
20.020413 45.755282 2.000000
19.164554 42.902109 2.000000
18.091632 44.528779 2.000000
16.960363 45.543850 2.000000
14.363638 37.598263 2.000000
19.396751 44.039161 2.000000
15.094761 39.247389 2.000000
17.281300 43.870241 2.000000
16.766810 42.841971 2.000000
17.565281 48.561588 2.000000
20.302592 39.885866 2.000000
19.284629 43.612514 2.000000
17.371897 40.655877 2.000000
15.342612 46.064673 2.000000
16.130982 44.595798 2.000000
19.126478 43.825112 2.000000
15.349092 43.968814 2.000000
21.489150 39.637206 2.000000
15.886148 45.782852 2.000000
19.423628 38.047380 2.000000
14.981285 42.922652 2.000000
16.999561 46.474612 2.000000
18.632485 45.385566 2.000000
14.207259 41.910562 2.000000
13.128852 38.218072 2.000000
15.448898 43.022109 2.000000
19.320791 44.352316 2.000000
14.306392 45.462860 2.000000
16.667648 41.422429 2.000000
17.598143 40.402426 2.000000
17.465095 43.021755 2.000000
18.565132 38.695155 2.000000
18.451882 46.243720 2.000000
13.382208 41.224766 2.000000
14.711344 42.252457 2.000000
20.391003 43.831379 2.000000
18.170783 39.034562 2.000000
16.511433 41.876916 2.000000
12.390834 42.359125 2.000000
15.140175 41.829101 2.000000
19.401591 38.081674 2.000000
17.044577 34.296973 2.000000
16.628814 43.601198 2.000000
14.925095 38.540757 2.000000
14.520527 38.311783 2.000000
11.297633 38.448697 2.000000
16.576606 39.101084 2.000000
16.447332 45.901692 2.000000
18.540536 40.025149 2.000000
20.260561 43.916886 2.000000
20.321316 40.239312 2.000000
13.933287 41.639930 2.000000
20.840915 42.822537 2.000000
17.042937 42.598459 2.000000
11.813575 35.483901 2.000000
14.942203 45.207580 2.000000
14.366359 41.608839 2.000000
18.666115 45.187708 2.000000
17.350172 41.452088 2.000000
14.426183 45.194817 2.000000
11.139054 40.885789 2.000000
16.296648 42.648649 2.000000
21.479970 41.702615 2.000000
11.472862 41.035171 2.000000
15.633274 38.673443 2.000000
19.215681 40.919542 2.000000
17.226209 44.170508 2.000000
16.810427 41.061421 2.000000
18.029795 39.134130 2.000000
18.058648 37.592784 2.000000
18.775861 40.060258 2.000000
16.354145 38.808166 2.000000
13.784154 39.471086 2.000000
13.133437 37.292451 2.000000
17.692094 35.105577 2.000000
14.718315 38.902855 2.000000
17.963634 37.067611 2.000000
18.328940 42.532704 2.000000
17.641220 42.597117 2.000000
18.978998 38.420211 2.000000
22.141116 38.360628 2.000000
21.434823 43.481384 2.000000
21.033701 35.161351 2.000000
8.821635 35.667787 2.000000
15.989535 37.920108 2.000000
18.522204 39.887181 2.000000
16.526346 35.651341 2.000000
13.088541 40.828323 2.000000
10.673334 34.610962 2.000000
17.147318 39.174338 2.000000
11.008127 39.503634 2.000000
14.306182 39.088335 2.000000
14.861110 40.584772 2.000000
12.905633 35.847925 2.000000
17.128579 43.156989 2.000000
14.203666 35.230645 2.000000
11.358740 36.374990 2.000000
18.697622 38.232335 2.000000
11.427817 37.693044 2.000000
16.033262 31.586558 2.000000
16.495383 39.642713 2.000000
15.579425 31.831710 2.000000
16.326496 40.018074 2.000000
12.296378 37.800952 2.000000
25.174976 39.061473 2.000000
13.510169 34.350392 2.000000
17.371496 33.645879 2.000000
14.765961 44.410041 2.000000
16.380706 35.428219 2.000000
15.563816 36.428586 2.000000
16.395734 34.050955 2.000000
17.914577 34.939545 2.000000
11.128750 35.185657 2.000000
14.146251 38.404458 2.000000
17.102158 37.150023 2.000000
13.411899 41.766010 2.000000
17.535947 40.235275 2.000000
13.179075 40.683694 2.000000
16.920797 38.711646 2.000000
16.303309 41.480003 2.000000
16.840089 34.114595 2.000000
16.779631 36.636338 2.000000
17.328037 28.776628 2.000000
9.281135 37.963076 2.000000
14.391923 38.399046 2.000000
17.710580 39.177372 2.000000
16.094280 36.667246 2.000000
15.205553 38.695100 2.000000
21.489927 32.893257 2.000000
18.915751 39.344589 2.000000
18.851858 34.497164 2.000000
12.648173 43.489148 2.000000
13.400346 36.246218 2.000000
10.857927 36.163509 2.000000
16.629708 37.220908 2.000000
17.968162 34.259556 2.000000
13.415169 35.837655 2.000000
15.408408 33.900030 2.000000
13.943407 31.504523 2.000000
16.962147 36.716680 2.000000
8.373859 41.476834 2.000000
9.665742 36.456551 2.000000
16.334236 36.120028 2.000000
18.970501 33.004966 2.000000
15.598426 31.334101 2.000000
10.980088 34.318073 2.000000
13.021938 42.193661 2.000000
12.666658 37.346078 2.000000
12.471685 39.064722 2.000000
8.539360 40.297436 2.000000
12.062721 41.242278 2.000000
11.383421 33.102774 2.000000
16.211262 35.245747 2.000000
11.755950 35.458742 2.000000
17.145131 41.664066 2.000000
10.745814 35.269951 2.000000
8.630897 33.072865 2.000000
17.479200 35.638310 2.000000
14.899889 32.352585 2.000000
15.232710 37.984502 2.000000
19.630230 29.621529 2.000000
18.395299 31.980811 2.000000
12.363410 30.774746 2.000000
17.970598 32.853284 2.000000
16.835517 30.129389 2.000000
19.592432 38.150494 2.000000
18.191173 38.653473 2.000000
11.935101 35.786406 2.000000
20.059779 33.057078 2.000000
14.477050 33.562034 2.000000
15.725873 29.403911 2.000000
14.731379 29.769623 2.000000
11.497957 33.336026 2.000000
18.311097 32.307711 2.000000
13.031774 36.449356 2.000000
14.724224 31.836803 2.000000
12.583576 33.706642 2.000000
13.719965 32.442902 2.000000
17.902946 31.317898 2.000000
11.648539 31.877171 2.000000
12.122433 32.027361 2.000000
13.041062 33.907877 2.000000
11.619221 32.378964 2.000000
12.992788 37.811273 2.000000
13.962840 32.453142 2.000000
13.761578 33.612298 2.000000
18.956970 33.349924 2.000000
13.372982 28.719722 2.000000
21.533659 32.433011 2.000000
18.056858 32.493112 2.000000
15.606433 33.822182 2.000000
13.302646 26.344325 2.000000
16.643285 32.216449 2.000000
18.939532 30.913871 2.000000
18.202776 33.633056 2.000000
14.526966 31.184031 2.000000
11.912619 33.820790 2.000000
11.146525 32.861382 2.000000
17.443911 33.949651 2.000000
10.972902 28.790998 2.000000
14.669023 29.913092 2.000000
18.933955 32.580950 2.000000
9.246531 35.277087 2.000000
15.765118 24.496629 2.000000
13.987270 30.685695 2.000000
13.189722 29.198980 2.000000
10.199411 33.371563 2.000000
10.750606 32.966496 2.000000
18.670988 33.822317 2.000000
18.909120 30.939667 2.000000
14.251201 26.705234 2.000000
15.645760 24.547551 2.000000
11.007442 31.181843 2.000000
6.151044 34.862540 2.000000
12.662470 32.113413 2.000000
14.790614 27.470540 2.000000
11.492684 30.999793 2.000000
12.552915 29.703174 2.000000
8.769116 33.872501 2.000000
12.947011 36.522852 2.000000
8.434452 33.344442 2.000000
11.900998 34.440532 2.000000
15.165539 25.850683 2.000000
13.018434 27.452169 2.000000
19.009279 27.708083 2.000000
14.805255 30.959744 2.000000
14.334187 27.642089 2.000000
12.530658 27.155835 2.000000
15.516340 24.562151 2.000000
11.836585 32.374573 2.000000
18.795018 28.118435 2.000000
15.367313 29.771854 2.000000
10.570376 27.729694 2.000000
13.722967 32.048561 2.000000
19.798431 27.706213 2.000000
16.053961 28.844455 2.000000
12.256418 20.046776 2.000000
11.669340 29.446134 2.000000
9.928743 29.384704 2.000000
15.129195 29.982220 2.000000
10.652601 24.066690 2.000000
7.902226 28.538100 2.000000
13.607277 31.377162 2.000000
12.847617 23.491882 2.000000
14.917927 27.162521 2.000000
10.865444 25.311453 2.000000
10.460829 27.394918 2.000000
10.088831 30.183023 2.000000
13.813966 31.169822 2.000000
18.955554 27.154118 2.000000
8.874958 31.517842 2.000000
17.345621 29.389123 2.000000
15.111202 31.363114 2.000000
11.858739 29.632855 2.000000
12.744484 24.508490 2.000000
16.670129 30.955456 2.000000
12.251263 32.093738 2.000000
14.456832 31.281352 2.000000
11.226075 28.778280 2.000000
11.474611 29.106810 2.000000
16.504736 23.225133 2.000000
13.789568 30.768060 2.000000
13.438216 25.324307 2.000000
16.504542 29.229425 2.000000
9.421456 31.490679 2.000000
16.240322 25.406631 2.000000
11.113272 26.444676 2.000000
10.457650 28.664876 2.000000
11.254679 26.672388 2.000000
9.160441 18.028677 2.000000
8.366211 28.602704 2.000000
9.276919 26.371362 2.000000
10.379328 29.447491 2.000000
12.824371 26.920011 2.000000
9.893926 21.216268 2.000000
15.073960 23.472976 2.000000
18.337920 27.266076 2.000000
20.149254 29.060562 2.000000
13.466788 25.678537 2.000000
16.101586 27.089608 2.000000
10.927277 26.250131 2.000000
11.315977 24.794868 2.000000
16.585274 24.362263 2.000000
14.076392 24.898726 2.000000
18.230490 28.664847 2.000000
12.560639 27.502665 2.000000
12.770993 28.371036 2.000000
16.594589 26.438184 2.000000
10.140289 22.102599 2.000000
10.546712 24.388336 2.000000
11.807687 25.581179 2.000000
3.923266 21.614435 2.000000
17.145175 21.643623 2.000000
10.494558 28.262885 2.000000
10.883598 27.119793 2.000000
7.637158 28.505876 2.000000
10.936604 28.447002 2.000000
14.082644 27.850945 2.000000
13.522594 21.402493 2.000000
14.096463 23.749973 2.000000
11.047592 25.679263 2.000000
6.867917 26.991451 2.000000
11.270201 21.755802 2.000000
10.302573 22.141108 2.000000
11.435907 20.071496 2.000000
13.348209 23.195284 2.000000
14.334668 21.918395 2.000000
11.056191 25.095760 2.000000
14.228504 23.829249 2.000000
11.248669 21.708537 2.000000
14.002556 24.337874 2.000000
11.778119 26.844073 2.000000
9.151209 22.890341 2.000000
11.965750 25.159776 2.000000
12.523224 32.046875 2.000000
12.725818 28.775594 2.000000
11.183164 20.256788 2.000000
11.470542 29.572052 2.000000
14.187496 20.578304 2.000000
16.077034 20.237333 2.000000
10.509498 29.648546 2.000000
11.158224 24.268782 2.000000
10.833606 25.562718 2.000000
18.811466 18.150078 2.000000
9.572824 22.483352 2.000000
15.551128 26.774038 2.000000
8.231642 20.608277 2.000000
12.388988 17.301917 2.000000
6.932755 24.078279 2.000000
12.662568 20.260718 2.000000
17.205752 24.988851 2.000000
5.045323 27.368992 2.000000
10.425069 26.034857 2.000000
9.008179 23.472156 2.000000
170.100264 285.033050 2.000000
172.774224 290.132422 2.000000
176.377813 281.545440 2.000000
175.412645 286.476834 2.000000
173.807487 278.898659 2.000000
179.059677 285.710052 2.000000
167.430086 283.201401 2.000000
173.963766 283.158055 2.000000
174.178546 284.838005 2.000000
176.173920 284.130355 2.000000
166.482054 282.386567 2.000000
171.418889 281.899561 2.000000
170.212768 285.229046 2.000000
172.168811 282.593254 2.000000
174.637188 289.146426 2.000000
172.927149 286.389600 2.000000
177.172677 286.161655 2.000000
173.890787 285.507906 2.000000
172.867567 284.371173 2.000000
166.174009 279.917513 2.000000
170.529027 282.887746 2.000000
174.014757 287.380360 2.000000
169.728839 288.864508 2.000000
175.295035 284.080524 2.000000
169.262737 278.664789 2.000000
169.805872 283.550383 2.000000
173.624290 284.630268 2.000000
165.895871 281.308929 2.000000
170.609981 282.273009 2.000000
172.722881 281.690674 2.000000
171.152461 281.345540 2.000000
169.368384 279.336930 2.000000
172.751993 285.472052 2.000000
172.184653 288.453568 2.000000
163.977832 281.122681 2.000000
168.004221 284.352404 2.000000
164.304947 281.733053 2.000000
169.402714 288.600002 2.000000
173.922455 287.411768 2.000000
173.291774 284.745560 2.000000
173.001886 283.715699 2.000000
172.398282 280.790305 2.000000
168.248739 279.471615 2.000000
172.886460 286.775529 2.000000
173.856786 283.857857 2.000000
174.488887 279.793099 2.000000
168.122152 276.661732 2.000000
171.429835 282.907918 2.000000
171.264115 278.982179 2.000000
168.299258 284.101768 2.000000
165.752411 283.386695 2.000000
170.375736 284.073042 2.000000
171.191469 283.636975 2.000000
166.625921 280.355303 2.000000
166.118517 281.557851 2.000000
172.089132 286.591352 2.000000
173.841330 284.310597 2.000000
171.228649 279.215546 2.000000
168.131609 281.526473 2.000000
163.756209 280.621086 2.000000
165.246861 283.423441 2.000000
165.794398 282.795268 2.000000
168.680746 285.786676 2.000000
161.798359 280.150665 2.000000
163.320589 278.107924 2.000000
166.924384 285.329933 2.000000
166.507832 281.321830 2.000000
164.766437 283.165010 2.000000
173.958482 285.592287 2.000000
165.657360 284.191741 2.000000
170.194691 283.066703 2.000000
174.857990 282.981817 2.000000
165.078946 282.782960 2.000000
166.865645 282.613746 2.000000
172.198294 281.131648 2.000000
167.536698 282.739158 2.000000
163.952010 276.969865 2.000000
165.744957 283.412134 2.000000
164.372502 280.117578 2.000000
166.255232 283.052972 2.000000
168.397791 282.480177 2.000000
163.674983 278.455735 2.000000
164.872976 283.520569 2.000000
168.252548 281.954906 2.000000
171.141715 279.201436 2.000000
164.982977 281.583907 2.000000
172.259150 282.524272 2.000000
167.300136 281.782900 2.000000
168.220603 284.567975 2.000000
165.031296 281.306502 2.000000
162.362627 277.053143 2.000000
168.843203 281.603381 2.000000
171.510085 280.498968 2.000000
164.507289 280.170151 2.000000
170.203492 282.162064 2.000000
164.906301 281.059096 2.000000
162.088316 282.464458 2.000000
164.342618 282.164790 2.000000
159.812959 284.127205 2.000000
166.390358 280.857401 2.000000
169.830001 277.467141 2.000000
168.081039 286.774202 2.000000
159.546464 281.726453 2.000000
167.964369 282.122653 2.000000
163.450281 279.869269 2.000000
166.896077 279.128724 2.000000
163.866786 288.470901 2.000000
163.068355 285.589483 2.000000
162.209354 284.526115 2.000000
163.842524 281.971940 2.000000
162.512559 276.439060 2.000000
163.328077 284.096546 2.000000
165.241362 284.143079 2.000000
164.148893 282.151271 2.000000
166.739568 277.979125 2.000000
164.348705 285.070576 2.000000
164.297383 285.953189 2.000000
170.482318 284.488401 2.000000
165.444689 293.250270 2.000000
165.883956 283.771565 2.000000
165.013011 286.323286 2.000000
160.383040 283.934944 2.000000
164.128400 279.981555 2.000000
163.706689 280.805514 2.000000
167.675746 284.872647 2.000000
166.730931 284.508669 2.000000
165.949408 279.011961 2.000000
158.020768 282.671223 2.000000
161.555186 283.867365 2.000000
165.388339 287.026113 2.000000
160.955176 284.705074 2.000000
166.599898 283.132861 2.000000
163.852912 283.165652 2.000000
163.075695 283.989921 2.000000
159.166274 281.681153 2.000000
165.003280 283.750517 2.000000
161.773982 279.399469 2.000000
164.131115 281.945432 2.000000
166.005534 283.839972 2.000000
168.804143 280.500096 2.000000
162.540733 285.597643 2.000000
161.387489 281.109226 2.000000
166.310511 279.518328 2.000000
167.490765 279.733933 2.000000
157.651339 285.082436 2.000000
161.820571 280.367626 2.000000
166.913236 279.567083 2.000000
163.655158 282.918368 2.000000
164.050201 280.956727 2.000000
159.084614 282.069529 2.000000
160.022759 283.139182 2.000000
162.626792 283.541960 2.000000
161.198430 285.955885 2.000000
161.147670 285.101694 2.000000
158.105574 285.917423 2.000000
160.667686 280.022720 2.000000
159.805800 285.158077 2.000000
161.762822 277.260394 2.000000
159.763063 283.263590 2.000000
162.278405 281.851055 2.000000
158.197406 280.399715 2.000000
162.932708 283.996956 2.000000
156.392973 280.184506 2.000000
168.613870 276.967939 2.000000
160.701091 279.131379 2.000000
158.380651 281.893971 2.000000
159.995922 281.471207 2.000000
156.010819 279.471970 2.000000
154.965975 283.820740 2.000000
162.132353 284.630639 2.000000
154.967849 283.842475 2.000000
160.851075 282.578742 2.000000
160.898675 276.281700 2.000000
165.938155 284.731712 2.000000
159.849851 286.024321 2.000000
160.668781 280.078559 2.000000
159.894695 287.528717 2.000000
161.094508 289.099201 2.000000
158.400720 284.289022 2.000000
159.132366 277.223674 2.000000
162.352326 284.529178 2.000000
158.351241 281.232378 2.000000
164.971463 281.420295 2.000000
163.528568 279.867964 2.000000
158.982702 283.180899 2.000000
163.119703 282.191465 2.000000
160.641947 287.240063 2.000000
155.270791 278.492197 2.000000
160.564674 283.728920 2.000000
156.653739 280.760255 2.000000
162.789473 284.666954 2.000000
161.039938 275.684117 2.000000
156.347403 285.586925 2.000000
157.329066 278.502323 2.000000
164.612734 278.177112 2.000000
159.364654 280.948337 2.000000
155.105452 287.072903 2.000000
160.250214 284.081130 2.000000
155.139556 288.947834 2.000000
159.725498 284.869644 2.000000
155.179022 284.340346 2.000000
154.334185 279.589639 2.000000
157.656734 282.817853 2.000000
166.371110 281.579888 2.000000
159.266189 283.632998 2.000000
156.467516 278.199134 2.000000
155.456403 281.765808 2.000000
157.594771 282.422223 2.000000
150.705524 277.244893 2.000000
155.270266 281.555560 2.000000
157.716367 276.937673 2.000000
160.497327 283.808558 2.000000
158.751182 281.344478 2.000000
153.881125 280.502802 2.000000
154.627826 282.122019 2.000000
159.252728 283.017116 2.000000
157.525921 286.395041 2.000000
158.964371 278.168474 2.000000
155.774992 286.253836 2.000000
158.044456 283.867766 2.000000
156.786042 278.878469 2.000000
155.556307 285.330112 2.000000
156.973206 283.211207 2.000000
156.497913 284.105824 2.000000
150.940240 278.350139 2.000000
154.041397 286.884178 2.000000
151.203637 278.463034 2.000000
157.945779 279.492267 2.000000
156.539851 278.503969 2.000000
154.432069 287.825700 2.000000
157.470575 281.264635 2.000000
151.719347 284.308940 2.000000
145.373093 285.505812 2.000000
147.602850 280.285517 2.000000
153.911119 283.440465 2.000000
155.434784 286.161377 2.000000
154.111334 278.479936 2.000000
153.165435 285.449729 2.000000
150.093902 288.624964 2.000000
152.371308 283.889410 2.000000
152.465275 277.297603 2.000000
155.820203 279.360466 2.000000
156.195401 285.494695 2.000000
154.755422 280.456232 2.000000
151.931709 279.262203 2.000000
150.202540 280.637891 2.000000
156.023648 280.459484 2.000000
157.125438 278.871568 2.000000
154.431522 278.486094 2.000000
155.605998 283.740261 2.000000
158.186336 282.422388 2.000000
152.949360 285.749498 2.000000
156.048597 276.616984 2.000000
151.128113 279.224262 2.000000
154.492841 280.043664 2.000000
157.303329 281.416876 2.000000
157.106902 279.912305 2.000000
158.944687 279.345019 2.000000
157.507638 278.760307 2.000000
147.775322 285.347697 2.000000
151.406424 277.347379 2.000000
154.365458 277.660469 2.000000
155.180693 280.830928 2.000000
154.946505 287.395416 2.000000
149.533826 282.520126 2.000000
151.189231 283.315226 2.000000
154.218386 281.404434 2.000000
157.664756 279.451753 2.000000
152.090788 282.259230 2.000000
157.954740 282.785093 2.000000
155.025769 283.623229 2.000000
161.594352 286.312911 2.000000
151.344584 277.005064 2.000000
156.693799 283.334877 2.000000
153.620452 280.680276 2.000000
147.480356 284.360453 2.000000
143.678122 285.327009 2.000000
155.313260 279.130406 2.000000
156.285076 278.538290 2.000000
153.254921 283.496752 2.000000
153.302658 280.794507 2.000000
152.598868 281.568570 2.000000
152.715061 275.840384 2.000000
144.273259 277.675091 2.000000
155.809361 283.599886 2.000000
154.091431 276.659968 2.000000
150.246584 282.158627 2.000000
151.058228 282.007033 2.000000
148.676193 274.439573 2.000000
156.243230 279.893316 2.000000
154.021147 283.387333 2.000000
152.155052 280.034709 2.000000
151.794901 283.277887 2.000000
155.698234 273.291516 2.000000
151.617484 287.817621 2.000000
148.179331 278.617396 2.000000
148.426558 284.897050 2.000000
152.254476 279.973818 2.000000
153.877291 280.035877 2.000000
147.892374 280.160683 2.000000
153.394626 279.533848 2.000000
144.471337 284.215274 2.000000
148.509235 283.508099 2.000000
147.064440 277.341197 2.000000
146.748407 283.786840 2.000000
152.321550 281.612418 2.000000
150.999948 281.121724 2.000000
151.377271 286.020462 2.000000
144.810068 278.984663 2.000000
142.651139 282.592649 2.000000
144.115131 279.888549 2.000000
147.747672 280.301385 2.000000
150.478866 283.659450 2.000000
146.824859 283.151157 2.000000
149.101654 280.387849 2.000000
143.884914 283.598506 2.000000
146.807102 277.949377 2.000000
152.913023 281.892866 2.000000
150.112006 281.031240 2.000000
151.705215 282.192003 2.000000
144.942502 282.904883 2.000000
146.404648 280.654500 2.000000
149.341504 277.607810 2.000000
147.767780 280.436943 2.000000
147.238073 285.712958 2.000000
147.011772 281.754311 2.000000
147.865779 283.901664 2.000000
147.664761 283.811750 2.000000
150.370697 284.228237 2.000000
149.488268 277.541348 2.000000
149.618439 286.610344 2.000000
146.823147 279.820530 2.000000
146.914104 280.919587 2.000000
145.433222 280.543187 2.000000
146.854142 284.537318 2.000000
144.699886 280.731932 2.000000
145.810073 279.644438 2.000000
151.288396 284.338173 2.000000
143.126535 281.078710 2.000000
150.822154 281.724066 2.000000
146.924234 285.631362 2.000000
144.142823 284.909487 2.000000
145.694796 281.400894 2.000000
147.719372 284.980355 2.000000
147.379268 276.993004 2.000000
149.900681 279.672385 2.000000
145.656342 281.417047 2.000000
144.187035 286.486810 2.000000
145.469297 279.965563 2.000000
146.322734 287.186274 2.000000
145.904106 285.303969 2.000000
149.625278 287.744615 2.000000
145.331445 280.045230 2.000000
144.098333 280.375756 2.000000
146.746098 281.759026 2.000000
147.204866 279.019511 2.000000
144.731451 278.993371 2.000000
141.511499 279.579034 2.000000
152.191833 283.292101 2.000000
144.310649 286.923266 2.000000
144.940030 277.515518 2.000000
142.996318 276.164438 2.000000
143.625557 284.214794 2.000000
148.057243 284.499906 2.000000
148.138663 278.483380 2.000000
140.485990 281.859346 2.000000
145.606851 283.267858 2.000000
143.412834 279.253127 2.000000
143.308853 276.392644 2.000000
149.626378 276.658622 2.000000
144.707459 278.700511 2.000000
144.584740 281.958695 2.000000
147.585443 279.799425 2.000000
139.727924 278.705981 2.000000
138.586785 280.556137 2.000000
147.985403 279.467195 2.000000
141.970685 278.199118 2.000000
143.096453 278.675999 2.000000
146.892203 280.735513 2.000000
144.638967 281.208253 2.000000
145.065679 280.250112 2.000000
145.054662 278.052308 2.000000
141.691833 281.410641 2.000000
145.684309 282.532335 2.000000
143.703332 277.856040 2.000000
145.630013 276.507542 2.000000
144.083838 279.234290 2.000000
147.126330 273.562954 2.000000
142.764160 279.512917 2.000000
140.100535 276.577595 2.000000
144.902499 281.391731 2.000000
146.067398 279.620353 2.000000
140.978900 284.031846 2.000000
147.286903 282.319195 2.000000
139.975231 280.751637 2.000000
139.217873 284.107670 2.000000
141.094319 279.246455 2.000000
141.549345 281.238009 2.000000
136.202115 282.023527 2.000000
146.245288 284.729308 2.000000
148.354546 279.985735 2.000000
143.000724 279.667697 2.000000
144.248659 283.058595 2.000000
140.807775 279.736456 2.000000
149.434491 276.236321 2.000000
146.080367 284.657269 2.000000
141.941535 286.100924 2.000000
147.644076 281.819358 2.000000
141.964293 279.865286 2.000000
142.396611 278.270350 2.000000
142.985878 283.180436 2.000000
139.210474 278.177023 2.000000
138.660648 282.573405 2.000000
138.178579 282.220463 2.000000
140.814573 281.763670 2.000000
136.448383 281.408909 2.000000
139.903404 281.431298 2.000000
144.990574 279.901842 2.000000
143.604957 282.900678 2.000000
141.309861 285.631924 2.000000
145.125765 279.321687 2.000000
138.963900 277.087583 2.000000
146.333536 280.739620 2.000000
136.296655 280.483829 2.000000
141.804722 283.943332 2.000000
135.452662 275.772130 2.000000
137.939122 283.170606 2.000000
140.232760 285.659087 2.000000
140.878952 280.726741 2.000000
140.537335 277.459990 2.000000
140.686642 277.643449 2.000000
141.399619 279.049945 2.000000
143.975768 278.838812 2.000000
145.460618 283.674854 2.000000
142.066927 279.420409 2.000000
138.417194 277.593398 2.000000
138.950658 281.323997 2.000000
142.946074 276.284764 2.000000
133.570162 278.660962 2.000000
145.011335 283.892792 2.000000
138.645076 288.362331 2.000000
143.199877 278.598965 2.000000
138.606083 278.946902 2.000000
138.808973 280.311599 2.000000
139.152603 281.169424 2.000000
137.381395 286.955821 2.000000
139.298976 278.971296 2.000000
141.256367 282.138652 2.000000
141.507940 277.247199 2.000000
134.718777 280.852732 2.000000
138.910644 283.289893 2.000000
138.410459 280.319590 2.000000
135.575313 281.770609 2.000000
140.121004 281.178156 2.000000
135.208394 283.489643 2.000000
135.908604 283.218299 2.000000
131.913833 279.968603 2.000000
141.014917 284.243982 2.000000
140.362636 282.726082 2.000000
138.084975 283.557387 2.000000
135.215690 280.828526 2.000000
140.724291 286.816537 2.000000
135.167532 279.524254 2.000000
134.420339 281.228645 2.000000
141.626069 278.396527 2.000000
131.503826 277.923809 2.000000
133.209077 281.682170 2.000000
133.668412 279.390455 2.000000
134.081257 281.353681 2.000000
140.964206 280.134332 2.000000
144.274922 280.504987 2.000000
139.803222 280.344838 2.000000
135.760334 276.826717 2.000000
136.784701 279.593014 2.000000
138.994013 278.621264 2.000000
140.690369 277.136434 2.000000
136.921318 278.226660 2.000000
135.517217 280.301675 2.000000
133.139068 284.558724 2.000000
133.971007 278.195639 2.000000
135.837161 277.503573 2.000000
133.894138 279.860207 2.000000
139.882081 286.358796 2.000000
135.624570 281.104999 2.000000
130.600121 277.547722 2.000000
132.917531 285.070711 2.000000
137.419010 279.920129 2.000000
134.619033 281.355202 2.000000
133.423160 279.066488 2.000000
137.443698 285.337171 2.000000
132.746490 276.260384 2.000000
139.944735 279.754377 2.000000
132.704974 278.590580 2.000000
137.454045 283.487995 2.000000
141.041692 277.302858 2.000000
131.208922 279.104919 2.000000
137.135366 277.438587 2.000000
133.889348 277.361237 2.000000
133.232594 283.196471 2.000000
129.406995 278.046297 2.000000
136.618060 277.922314 2.000000
130.267293 279.992565 2.000000
134.883018 277.835691 2.000000
137.502427 277.106608 2.000000
136.226102 283.384776 2.000000
134.202087 279.220456 2.000000
131.750795 276.843759 2.000000
137.563180 285.655935 2.000000
134.218641 281.166225 2.000000
132.218336 277.169876 2.000000
131.313309 277.679541 2.000000
140.213277 279.063936 2.000000
129.782304 276.303441 2.000000
126.501516 278.784654 2.000000
132.703466 283.657155 2.000000
132.924194 280.432815 2.000000
139.342605 279.210083 2.000000
131.465805 281.917976 2.000000
130.287614 279.813623 2.000000
129.263014 278.097162 2.000000
130.250674 281.870792 2.000000
130.596893 278.308372 2.000000
135.187166 278.575695 2.000000
133.843523 277.188030 2.000000
133.547402 281.841126 2.000000
133.056912 281.675574 2.000000
135.352625 280.841533 2.000000
132.748470 281.276982 2.000000
130.611903 283.606773 2.000000
131.504976 280.345487 2.000000
132.283976 278.633553 2.000000
134.538280 282.426417 2.000000
136.907226 277.511439 2.000000
126.084678 279.773689 2.000000
127.056188 278.706579 2.000000
129.906868 283.622226 2.000000
139.007837 282.620575 2.000000
130.786963 280.956227 2.000000
133.814416 276.377590 2.000000
134.822931 283.555988 2.000000
134.927869 277.203500 2.000000
134.972815 283.190236 2.000000
127.420711 281.204140 2.000000
132.628427 278.260674 2.000000
134.559243 282.994026 2.000000
132.630468 276.164263 2.000000
132.024131 281.024054 2.000000
136.168398 281.314545 2.000000
125.546877 278.025976 2.000000
133.971209 280.054205 2.000000
137.526356 275.786505 2.000000
132.206677 280.220777 2.000000
127.622123 284.261876 2.000000
129.573262 283.849105 2.000000
131.629273 283.956913 2.000000
128.211827 283.199602 2.000000
131.088817 280.095294 2.000000
128.081187 274.472298 2.000000
123.654201 279.189341 2.000000
128.111481 280.080524 2.000000
130.569952 283.335964 2.000000
131.505862 278.875887 2.000000
136.249657 282.623342 2.000000
131.855596 279.143771 2.000000
128.426926 279.611054 2.000000
127.424071 283.319413 2.000000
129.667346 278.250848 2.000000
126.531449 279.046903 2.000000
129.178847 280.581647 2.000000
133.497370 274.304010 2.000000
126.906589 284.466645 2.000000
128.472079 278.476632 2.000000
125.628322 283.181295 2.000000
127.144764 286.430294 2.000000
124.039651 281.024677 2.000000
128.103949 278.566736 2.000000
128.471763 274.693687 2.000000
132.937710 279.287835 2.000000
131.558521 281.966008 2.000000
127.577418 283.595438 2.000000
128.967161 284.019754 2.000000
129.821010 283.115948 2.000000
124.620989 279.319040 2.000000
130.198665 282.253964 2.000000
124.136912 280.773465 2.000000
122.922995 283.111128 2.000000
128.406392 281.621094 2.000000
128.195126 277.574289 2.000000
129.602116 285.955330 2.000000
126.548541 276.715819 2.000000
126.215048 279.129037 2.000000
127.920791 281.918355 2.000000
132.942426 281.350945 2.000000
121.034861 280.844363 2.000000
126.035130 277.718006 2.000000
129.338052 281.224646 2.000000
128.903311 284.451929 2.000000
121.805681 284.928241 2.000000
126.993602 278.173727 2.000000
126.714479 276.338926 2.000000
126.947376 281.331494 2.000000
131.043524 276.044672 2.000000
124.893529 287.467878 2.000000
130.095781 280.113112 2.000000
121.353974 278.719718 2.000000
128.325267 281.217639 2.000000
123.920731 278.622323 2.000000
126.504141 277.903922 2.000000
128.472304 281.164331 2.000000
125.379524 279.834825 2.000000
126.114056 282.071474 2.000000
125.820921 279.961746 2.000000
124.406934 275.993334 2.000000
128.050971 279.631751 2.000000
126.725592 277.423907 2.000000
120.608387 279.054823 2.000000
125.038580 289.733085 2.000000
123.467652 278.360749 2.000000
121.472032 284.810203 2.000000
125.071053 283.950183 2.000000
123.909982 277.277869 2.000000
128.195793 284.129139 2.000000
123.819796 280.725211 2.000000
126.018672 282.338040 2.000000
128.710928 282.219480 2.000000
124.300177 275.666839 2.000000
123.507312 282.020662 2.000000
127.001712 276.074851 2.000000
121.220861 283.979779 2.000000
125.996998 280.164151 2.000000
123.806938 277.885389 2.000000
123.131356 285.098270 2.000000
124.860092 279.702144 2.000000
122.157448 276.846410 2.000000
124.893967 272.934573 2.000000
123.389686 278.146007 2.000000
120.245188 282.859677 2.000000
124.639017 282.787399 2.000000
122.043592 281.032226 2.000000
124.063895 279.031724 2.000000
129.269669 276.884115 2.000000
120.364201 277.350451 2.000000
123.274005 285.205821 2.000000
125.970183 277.838875 2.000000
123.354758 288.138060 2.000000
124.916652 279.653919 2.000000
121.319063 276.436683 2.000000
126.928556 277.271569 2.000000
126.909984 274.628231 2.000000
118.910065 280.260602 2.000000
119.178446 276.890679 2.000000
124.951606 279.883819 2.000000
123.111932 281.528960 2.000000
126.086595 283.277901 2.000000
118.920013 282.985041 2.000000
119.988549 278.311951 2.000000
122.515165 279.432172 2.000000
123.759539 277.167947 2.000000
118.562295 275.688471 2.000000
126.425590 280.882195 2.000000
122.947236 281.563775 2.000000
121.212553 283.594826 2.000000
118.228713 281.440545 2.000000
119.165606 279.218724 2.000000
117.718301 279.285723 2.000000
123.147295 282.702182 2.000000
118.652663 278.118377 2.000000
122.785316 282.375485 2.000000
122.282730 279.703632 2.000000
119.694165 284.631015 2.000000
125.467107 277.491157 2.000000
123.456319 281.111720 2.000000
122.140262 286.154467 2.000000
118.348486 276.006911 2.000000
125.755240 279.573782 2.000000
117.392267 280.830680 2.000000
125.316367 280.450602 2.000000
119.207979 285.465249 2.000000
122.601192 281.967689 2.000000
120.937094 277.172848 2.000000
115.514503 283.583039 2.000000
114.299055 280.175041 2.000000
122.015189 282.491510 2.000000
120.622088 287.299967 2.000000
119.422706 277.048571 2.000000
125.003464 283.157073 2.000000
123.456461 286.195467 2.000000
119.311718 278.531007 2.000000
125.361735 280.450304 2.000000
118.518630 281.941575 2.000000
122.981134 282.805351 2.000000
120.361516 278.653560 2.000000
119.055101 281.402132 2.000000
116.326566 280.694914 2.000000
117.315582 278.189750 2.000000
113.762245 283.057000 2.000000
117.970006 281.126063 2.000000
123.996992 283.762464 2.000000
121.906337 278.577731 2.000000
117.373951 283.997883 2.000000
114.166944 279.390924 2.000000
117.218498 278.698770 2.000000
122.761242 279.207942 2.000000
114.701729 282.402373 2.000000
120.832926 279.743497 2.000000
121.064384 279.941574 2.000000
118.613925 284.134384 2.000000
118.983736 275.692473 2.000000
117.145544 282.572859 2.000000
121.878024 279.005148 2.000000
118.401690 279.735052 2.000000
116.183904 275.672145 2.000000
117.095986 278.817301 2.000000
119.077349 284.830274 2.000000
121.397293 285.020830 2.000000
119.599414 281.941888 2.000000
116.454127 282.428752 2.000000
119.265946 280.505768 2.000000
117.894119 276.655821 2.000000
118.571565 278.294490 2.000000
113.086244 285.649427 2.000000
120.233442 285.823350 2.000000
117.633053 281.512255 2.000000
120.562346 277.031977 2.000000
115.228174 287.346656 2.000000
116.843900 280.587786 2.000000
116.117583 279.886602 2.000000
119.502902 278.205267 2.000000
115.782494 279.096192 2.000000
114.874287 279.758126 2.000000
118.658282 276.470105 2.000000
115.716065 286.720400 2.000000
121.013047 279.675968 2.000000
117.388842 280.924560 2.000000
115.315253 281.968474 2.000000
117.004881 277.414989 2.000000
115.353731 278.715821 2.000000
116.465005 279.383033 2.000000
115.096917 288.564086 2.000000
115.886666 276.769964 2.000000
120.169211 280.856384 2.000000
116.229924 278.325824 2.000000
121.428121 281.133745 2.000000
112.509061 279.764577 2.000000
110.971863 282.865723 2.000000
111.739956 282.191792 2.000000
112.630402 276.363396 2.000000
116.361356 282.461607 2.000000
115.401207 279.932818 2.000000
118.227041 279.736308 2.000000
115.063555 280.806519 2.000000
118.210455 280.390155 2.000000
117.951416 276.838042 2.000000
114.540232 279.077467 2.000000
114.019593 284.654589 2.000000
113.918570 284.905586 2.000000
112.161347 280.110053 2.000000
107.961855 278.747001 2.000000
112.367559 279.901765 2.000000
109.659512 283.911002 2.000000
113.096243 278.161866 2.000000
111.734558 285.512011 2.000000
114.023702 280.038518 2.000000
113.569380 279.442343 2.000000
106.299955 277.616815 2.000000
107.941607 282.949388 2.000000
110.518258 280.762120 2.000000
111.943995 283.957065 2.000000
112.268728 280.634323 2.000000
112.667292 279.203511 2.000000
107.905936 281.503382 2.000000
108.162748 281.946012 2.000000
108.893756 285.497127 2.000000
113.286017 285.165902 2.000000
109.868148 287.483957 2.000000
109.155461 281.254173 2.000000
111.925098 281.910709 2.000000
115.748617 280.401292 2.000000
115.338979 280.303203 2.000000
112.716424 277.460852 2.000000
109.398676 281.395978 2.000000
108.236370 283.761009 2.000000
111.463018 280.338088 2.000000
116.821696 284.558717 2.000000
108.352670 280.122939 2.000000
111.642175 276.416877 2.000000
114.055445 281.670660 2.000000
115.318420 279.435346 2.000000
116.402112 273.980348 2.000000
114.653787 283.603004 2.000000
112.619760 283.636206 2.000000
118.068644 277.840326 2.000000
106.146333 283.143145 2.000000
109.019445 282.030495 2.000000
112.550851 285.395780 2.000000
111.949988 278.286175 2.000000
112.430553 278.034332 2.000000
109.441043 284.152259 2.000000
109.011233 278.899056 2.000000
108.299368 283.579879 2.000000
112.043915 279.898607 2.000000
112.845858 281.387942 2.000000
109.258156 285.729142 2.000000
106.813111 278.334662 2.000000
116.772130 282.518650 2.000000
111.845636 278.678140 2.000000
110.333203 278.733073 2.000000
110.744866 280.912773 2.000000
105.109549 282.034400 2.000000
113.533862 282.692053 2.000000
111.037700 287.215659 2.000000
108.714511 282.469488 2.000000
107.869638 282.528429 2.000000
111.925131 278.615198 2.000000
104.842127 282.269569 2.000000
111.573580 275.871549 2.000000
110.364975 284.590961 2.000000
110.257910 280.089932 2.000000
106.634475 282.190145 2.000000
109.736338 284.550998 2.000000
108.888829 282.106154 2.000000
111.357306 277.572990 2.000000
107.490711 279.725578 2.000000
110.021823 278.245983 2.000000
113.713882 283.277533 2.000000
109.033280 280.819530 2.000000
110.745977 276.702337 2.000000
113.474091 278.933405 2.000000
112.855422 285.868077 2.000000
109.294751 282.777759 2.000000
106.067844 278.297987 2.000000
109.064863 281.092489 2.000000
107.146173 278.568712 2.000000
110.036426 281.651044 2.000000
100.695728 284.705722 2.000000
108.995425 277.461577 2.000000
111.194810 278.468782 2.000000
113.423859 277.757943 2.000000
108.970454 276.830304 2.000000
109.826356 277.514095 2.000000
104.574484 286.506472 2.000000
108.596764 282.980270 2.000000
112.544801 283.522244 2.000000
105.270602 277.519621 2.000000
109.121646 277.707139 2.000000
112.860909 278.276934 2.000000
112.790120 279.763118 2.000000
103.913564 283.867576 2.000000
108.680040 280.568369 2.000000
113.389201 282.728019 2.000000
108.022248 280.412912 2.000000
109.785698 279.761176 2.000000
109.624278 279.679186 2.000000
109.186583 279.765232 2.000000
107.626043 279.842151 2.000000
104.129385 285.664048 2.000000
108.561335 274.913706 2.000000
104.145112 282.919833 2.000000
107.778577 285.748350 2.000000
109.720666 286.295788 2.000000
102.546116 277.610376 2.000000
113.550475 277.391964 2.000000
105.717810 279.185697 2.000000
105.582259 283.099203 2.000000
109.985721 284.154667 2.000000
108.970197 280.581183 2.000000
109.391064 285.209482 2.000000
108.317947 281.508283 2.000000
110.313044 284.039041 2.000000
100.234190 278.600502 2.000000
104.398422 280.262774 2.000000
100.900534 282.354016 2.000000
102.347389 283.604446 2.000000
101.764139 283.669696 2.000000
110.695299 280.185361 2.000000
109.449064 279.803301 2.000000
100.763376 281.433941 2.000000
103.634973 277.222886 2.000000
106.143111 279.079936 2.000000
106.463288 280.119643 2.000000
102.490567 281.588088 2.000000
105.976416 287.307741 2.000000
107.116935 283.418766 2.000000
105.861981 281.350649 2.000000
105.499381 282.521109 2.000000
109.378380 284.902173 2.000000
101.837622 291.482136 2.000000
110.434067 281.450519 2.000000
104.700310 282.601697 2.000000
106.822411 278.577065 2.000000
107.003158 283.645982 2.000000
104.510879 280.559983 2.000000
98.951850 285.169716 2.000000
101.471419 281.428228 2.000000
105.913624 285.100020 2.000000
107.348130 281.604813 2.000000
110.711084 283.767476 2.000000
104.971712 278.828010 2.000000
100.083139 282.505352 2.000000
103.613634 283.469442 2.000000
98.111751 284.662151 2.000000
102.477336 283.128885 2.000000
100.248086 284.514697 2.000000
106.104845 279.154987 2.000000
103.107328 278.810686 2.000000
103.516147 285.494678 2.000000
101.300178 282.522977 2.000000
98.252714 282.679914 2.000000
105.560730 285.092535 2.000000
107.817003 285.492117 2.000000
106.562714 285.451521 2.000000
107.003271 284.390784 2.000000
95.375821 277.706218 2.000000
105.583018 284.424381 2.000000
108.667756 287.844090 2.000000
102.671841 286.376677 2.000000
106.725084 284.521135 2.000000
102.801342 282.300799 2.000000
102.053865 284.598089 2.000000
102.201295 277.906766 2.000000
103.728615 286.607798 2.000000
96.452086 283.564932 2.000000
100.651816 284.269392 2.000000
99.892949 279.714521 2.000000
100.600376 285.598821 2.000000
101.726601 280.250093 2.000000
104.288331 285.370064 2.000000
105.350843 281.412006 2.000000
107.058235 286.355612 2.000000
104.330116 289.427406 2.000000
100.576040 282.172426 2.000000
101.123327 282.489723 2.000000
97.602368 280.146734 2.000000
102.409189 284.577132 2.000000
102.713409 281.616091 2.000000
101.879427 286.707380 2.000000
99.353147 278.696800 2.000000
95.293051 282.242592 2.000000
103.933920 286.654012 2.000000
98.940531 284.527573 2.000000
103.984534 290.529705 2.000000
100.349439 285.477502 2.000000
100.816328 287.722636 2.000000
102.343369 282.587248 2.000000
98.538935 290.353405 2.000000
104.479038 281.914460 2.000000
100.146129 284.369511 2.000000
99.430797 284.477890 2.000000
103.788505 281.193429 2.000000
101.182813 281.823528 2.000000
99.101951 284.857807 2.000000
97.949946 287.660585 2.000000
96.618177 279.345213 2.000000
103.014266 282.483381 2.000000
107.817393 283.647755 2.000000
99.508507 283.222083 2.000000
95.470839 281.506638 2.000000
107.846747 279.017938 2.000000
95.618857 284.711681 2.000000
99.095372 288.079656 2.000000
98.304066 278.188429 2.000000
95.364122 283.918240 2.000000
99.039860 282.905049 2.000000
98.194025 284.120729 2.000000
97.430843 282.492843 2.000000
91.832908 286.783127 2.000000
97.373747 283.130402 2.000000
98.056101 288.503561 2.000000
103.051626 279.572238 2.000000
97.902998 287.788822 2.000000
98.698716 284.037523 2.000000
95.935792 283.349431 2.000000
100.270962 284.161964 2.000000
92.083787 278.443934 2.000000
95.421844 283.909625 2.000000
96.473084 280.176148 2.000000
97.902055 287.525542 2.000000
94.278074 281.428765 2.000000
99.507420 279.989499 2.000000
100.307273 285.735530 2.000000
98.848577 284.312320 2.000000
99.866402 283.827671 2.000000
95.718887 285.107450 2.000000
94.755809 285.849798 2.000000
97.449128 282.833726 2.000000
97.262879 281.389258 2.000000
96.955815 283.238119 2.000000
95.054158 274.317595 2.000000
96.420813 278.386115 2.000000
96.553968 284.592710 2.000000
95.487661 280.671858 2.000000
100.349438 287.064915 2.000000
96.117734 286.175689 2.000000
94.698027 282.612778 2.000000
89.793197 280.930915 2.000000
94.750690 282.408974 2.000000
101.105270 287.674978 2.000000
95.659345 284.947688 2.000000
94.625289 284.870495 2.000000
100.744719 279.492465 2.000000
102.198198 285.870179 2.000000
98.942370 287.722454 2.000000
92.129510 289.421012 2.000000
94.814410 283.196596 2.000000
95.446558 280.554334 2.000000
92.508178 288.211449 2.000000
102.550850 284.949521 2.000000
93.542773 280.488706 2.000000
93.398305 290.460153 2.000000
99.057985 287.068440 2.000000
88.358752 283.188497 2.000000
94.709228 283.949656 2.000000
97.485830 281.996001 2.000000
93.405599 285.058366 2.000000
91.406021 288.890797 2.000000
95.332929 290.211814 2.000000
88.636230 284.249143 2.000000
95.243509 290.207225 2.000000
97.261926 281.776989 2.000000
91.926997 281.096026 2.000000
93.770670 284.258635 2.000000
89.733594 288.166989 2.000000
95.948870 289.710906 2.000000
98.943991 288.430333 2.000000
93.233576 282.780328 2.000000
95.564643 284.909753 2.000000
92.987308 286.638055 2.000000
95.231544 289.714272 2.000000
94.859273 280.956215 2.000000
97.815390 285.505995 2.000000
94.210405 287.603235 2.000000
95.416186 284.117264 2.000000
94.044478 285.611675 2.000000
97.149425 292.216748 2.000000
91.381973 279.697032 2.000000
91.247272 289.338517 2.000000
96.467028 284.218919 2.000000
95.978554 286.366630 2.000000
98.031749 282.654549 2.000000
93.393540 285.380145 2.000000
97.985285 284.683570 2.000000
90.875296 281.970890 2.000000
93.953703 286.384332 2.000000
93.026984 279.660417 2.000000
92.440897 288.602117 2.000000
92.609828 284.640531 2.000000
92.821868 288.759154 2.000000
91.824534 286.701727 2.000000
92.854102 283.344335 2.000000
90.125609 282.374088 2.000000
96.246509 287.141285 2.000000
90.321066 284.612892 2.000000
91.028458 284.111589 2.000000
92.911163 285.717233 2.000000
96.751380 285.184349 2.000000
91.851625 280.029160 2.000000
91.013059 288.079907 2.000000
91.252096 284.201724 2.000000
92.759085 282.454265 2.000000
90.895545 280.531711 2.000000
96.262699 281.746420 2.000000
89.903186 283.709918 2.000000
89.676895 288.473448 2.000000
91.417683 280.592351 2.000000
85.990440 287.815912 2.000000
90.129400 287.437393 2.000000
87.011402 284.275251 2.000000
84.972372 280.211112 2.000000
91.550174 287.421264 2.000000
90.624579 285.744584 2.000000
85.388494 284.174531 2.000000
91.592309 281.445349 2.000000
85.852642 283.986970 2.000000
94.491865 288.809270 2.000000
93.580028 282.397041 2.000000
90.243691 283.619872 2.000000
94.852831 284.459119 2.000000
92.277534 287.869530 2.000000
90.276775 287.911075 2.000000
94.048599 290.441661 2.000000
95.779545 290.341387 2.000000
88.655134 288.593993 2.000000
99.342309 289.172492 2.000000
89.844037 282.859099 2.000000
88.518399 282.596698 2.000000
85.674766 288.956660 2.000000
91.351694 283.069785 2.000000
84.892714 284.730388 2.000000
90.180772 285.102555 2.000000
89.016466 286.584409 2.000000
90.477544 285.330758 2.000000
88.987080 288.503511 2.000000
83.049500 289.111600 2.000000
85.809524 283.528866 2.000000
89.601766 284.218065 2.000000
89.801685 286.679454 2.000000
88.751270 279.080905 2.000000
86.850643 287.137700 2.000000
87.815084 280.949977 2.000000
89.514626 287.103473 2.000000
87.600149 286.569774 2.000000
87.954161 290.267311 2.000000
89.036913 281.392653 2.000000
84.869363 284.969455 2.000000
86.082791 288.747867 2.000000
88.574013 282.506630 2.000000
91.890407 283.669474 2.000000
91.481471 289.541996 2.000000
90.430789 286.813703 2.000000
89.154070 288.785517 2.000000
85.662329 288.199428 2.000000
89.047338 286.460813 2.000000
92.786353 289.786782 2.000000
84.694913 286.285142 2.000000
81.130302 286.017211 2.000000
84.201019 288.298149 2.000000
89.338590 283.831561 2.000000
91.421520 289.221028 2.000000
85.805204 289.779265 2.000000
87.020756 289.995690 2.000000
82.761940 281.824831 2.000000
88.291236 286.846484 2.000000
86.834128 288.537920 2.000000
93.119566 288.194469 2.000000
92.152550 288.732294 2.000000
86.834068 288.355435 2.000000
91.988681 288.409818 2.000000
82.813213 291.010388 2.000000
84.528414 287.045165 2.000000
85.555220 282.194581 2.000000
86.374942 282.471186 2.000000
83.439878 281.800163 2.000000
90.180529 287.250488 2.000000
85.253423 283.059428 2.000000
86.051591 283.932213 2.000000
87.450672 290.195513 2.000000
90.568202 289.320888 2.000000
87.621643 292.991987 2.000000
84.729878 287.457682 2.000000
83.200137 281.304340 2.000000
84.559235 289.614367 2.000000
85.856783 288.971119 2.000000
84.599152 282.549456 2.000000
85.357743 288.639847 2.000000
85.043607 284.138862 2.000000
82.874952 291.136212 2.000000
85.863093 285.366557 2.000000
82.571046 285.786529 2.000000
80.189275 288.795469 2.000000
85.374590 285.207117 2.000000
82.026771 288.525943 2.000000
81.182652 288.285893 2.000000
85.322686 285.889524 2.000000
82.238966 288.995467 2.000000
80.996815 288.620789 2.000000
86.141325 286.954326 2.000000
82.942633 285.223374 2.000000
79.090628 287.002864 2.000000
79.008902 287.057933 2.000000
89.689475 289.615352 2.000000
83.961511 286.432151 2.000000
77.774728 293.414591 2.000000
88.383827 282.594972 2.000000
85.781196 290.692504 2.000000
79.802515 291.703509 2.000000
83.966435 287.561310 2.000000
88.587787 283.481859 2.000000
81.106849 286.647833 2.000000
87.700897 292.990314 2.000000
85.119035 286.870229 2.000000
83.253166 288.929404 2.000000
83.165626 284.704431 2.000000
84.470073 289.308554 2.000000
84.242475 293.000052 2.000000
86.557069 286.215644 2.000000
85.934711 289.437547 2.000000
81.564352 283.568642 2.000000
84.422885 286.630762 2.000000
82.826085 290.265852 2.000000
83.176720 290.948285 2.000000
82.658886 289.158810 2.000000
83.286350 289.218048 2.000000
85.685915 294.431382 2.000000
81.593407 287.520719 2.000000
76.701715 286.261696 2.000000
82.489320 289.427753 2.000000
85.990969 288.192333 2.000000
80.854507 287.975852 2.000000
79.878194 289.071397 2.000000
79.309071 287.713035 2.000000
81.782287 285.503708 2.000000
84.561541 289.864008 2.000000
83.173867 290.140930 2.000000
81.988281 287.062660 2.000000
82.871908 293.290204 2.000000
79.419855 288.642433 2.000000
83.036597 283.772131 2.000000
83.869231 287.086356 2.000000
79.707111 289.820494 2.000000
74.709664 285.064367 2.000000
80.969289 285.121440 2.000000
79.573825 283.218536 2.000000
77.251061 287.519634 2.000000
81.447266 289.447809 2.000000
77.595747 291.781367 2.000000
79.787913 290.628377 2.000000
76.558644 289.323403 2.000000
80.847791 291.540518 2.000000
81.054794 287.791547 2.000000
83.367921 284.466392 2.000000
78.437947 289.398787 2.000000
80.227934 287.784071 2.000000
78.528570 280.844338 2.000000
78.475867 284.319058 2.000000
80.599671 285.902934 2.000000
78.790381 290.443474 2.000000
81.094319 292.778595 2.000000
80.053749 283.917163 2.000000
81.830622 284.615220 2.000000
79.768190 293.360515 2.000000
77.629814 289.208143 2.000000
76.157386 287.434356 2.000000
82.857290 288.609217 2.000000
79.753247 291.203397 2.000000
80.545959 289.720312 2.000000
83.013554 290.596863 2.000000
83.095409 281.307211 2.000000
81.025886 290.659352 2.000000
76.020023 288.302496 2.000000
78.527382 291.963780 2.000000
76.183461 289.580983 2.000000
82.164377 293.414770 2.000000
78.033008 288.701335 2.000000
69.600461 291.899872 2.000000
83.391328 289.466294 2.000000
75.508715 289.537091 2.000000
76.619703 285.581386 2.000000
80.493047 291.209636 2.000000
82.403336 285.132526 2.000000
80.139484 290.709057 2.000000
82.143285 284.731833 2.000000
77.961924 286.532294 2.000000
77.897862 285.250967 2.000000
81.762604 293.625986 2.000000
75.606233 288.720050 2.000000
78.243473 288.580388 2.000000
76.825015 284.591571 2.000000
78.103759 292.702300 2.000000
82.746557 292.412568 2.000000
77.353252 288.570578 2.000000
80.069756 293.096806 2.000000
76.263179 283.863031 2.000000
79.449679 287.526731 2.000000
81.821401 286.853863 2.000000
76.743080 289.315734 2.000000
75.414329 287.096012 2.000000
81.443499 288.604199 2.000000
77.477982 295.272217 2.000000
72.243758 292.138612 2.000000
75.650727 290.723243 2.000000
80.818311 286.773420 2.000000
76.816238 290.160541 2.000000
78.155121 291.956707 2.000000
74.894015 291.291173 2.000000
81.956932 293.859473 2.000000
75.313754 286.169220 2.000000
77.040535 294.906596 2.000000
77.988302 292.756352 2.000000
85.054483 290.780857 2.000000
76.604934 293.269220 2.000000
73.128755 288.328753 2.000000
80.009333 291.789012 2.000000
74.452316 287.329877 2.000000
72.965123 293.070528 2.000000
80.195632 288.531637 2.000000
70.251874 291.047648 2.000000
76.598453 289.720255 2.000000
76.059811 284.207631 2.000000
71.522508 289.812843 2.000000
75.885417 286.046570 2.000000
69.532171 288.448485 2.000000
71.446943 288.522694 2.000000
77.357652 293.661796 2.000000
76.326880 292.732517 2.000000
78.524257 288.876324 2.000000
76.416665 290.176493 2.000000
74.612668 285.283192 2.000000
75.782232 294.991598 2.000000
77.462219 288.502216 2.000000
74.868025 287.370154 2.000000
71.617513 291.113113 2.000000
76.952260 288.171960 2.000000
72.287441 287.531583 2.000000
70.972642 292.530599 2.000000
73.591837 289.958787 2.000000
77.023281 290.542400 2.000000
74.140653 286.438497 2.000000
78.564427 286.852578 2.000000
72.595015 299.513878 2.000000
78.139770 292.604954 2.000000
75.619190 287.676440 2.000000
76.415453 288.419477 2.000000
75.448315 293.008504 2.000000
74.351484 291.725794 2.000000
70.402868 291.689209 2.000000
75.126963 293.463355 2.000000
69.756920 290.377176 2.000000
75.808090 289.475375 2.000000
69.586465 291.667819 2.000000
78.109338 293.224718 2.000000
72.162429 284.968630 2.000000
76.334125 290.629491 2.000000
75.409739 285.667616 2.000000
66.491963 288.702757 2.000000
76.391533 295.216180 2.000000
73.253587 296.040358 2.000000
75.448849 284.156431 2.000000
75.762527 292.357087 2.000000
73.913654 298.056257 2.000000
67.544841 292.896198 2.000000
73.923972 286.600149 2.000000
67.093715 291.452698 2.000000
73.144488 291.234291 2.000000
73.258714 293.920009 2.000000
70.992168 287.927148 2.000000
77.445029 287.362692 2.000000
68.655340 292.798258 2.000000
72.799377 291.763374 2.000000
72.543691 293.705126 2.000000
74.200387 290.161473 2.000000
69.682223 287.499183 2.000000
71.073508 290.904344 2.000000
71.006542 285.555608 2.000000
70.964719 285.252656 2.000000
73.356310 290.318378 2.000000
70.917208 290.426298 2.000000
67.385868 289.486818 2.000000
77.360554 292.030562 2.000000
73.807596 289.757072 2.000000
69.638312 287.215219 2.000000
68.496062 292.655418 2.000000
72.881383 288.891041 2.000000
73.495097 296.463371 2.000000
70.624188 289.736403 2.000000
76.239928 291.721942 2.000000
70.145803 291.495945 2.000000
76.033507 297.581103 2.000000
75.280744 289.861681 2.000000
68.653638 291.259310 2.000000
66.229401 288.898871 2.000000
74.888845 290.057232 2.000000
74.092641 293.865241 2.000000
67.496050 284.832327 2.000000
65.841330 289.183908 2.000000
71.546740 295.015119 2.000000
68.981094 293.410213 2.000000
72.733030 295.365719 2.000000
70.598312 289.811745 2.000000
70.796476 291.284686 2.000000
68.409384 290.986561 2.000000
78.074953 296.134657 2.000000
67.103163 299.235788 2.000000
68.416664 290.452113 2.000000
74.722861 289.799361 2.000000
65.867107 290.101021 2.000000
73.269600 282.774751 2.000000
74.055033 289.342181 2.000000
68.276622 290.645862 2.000000
73.132586 289.542117 2.000000
63.819507 288.353380 2.000000
68.163120 296.881013 2.000000
65.184665 290.372091 2.000000
71.641320 293.622400 2.000000
65.614830 288.901599 2.000000
68.677616 287.251594 2.000000
70.748114 285.087559 2.000000
67.986203 293.413570 2.000000
65.674462 294.927542 2.000000
71.482571 290.334608 2.000000
69.009696 293.419940 2.000000
66.559161 297.266475 2.000000
68.188947 293.934703 2.000000
71.054112 292.073926 2.000000
64.484647 289.036231 2.000000
72.263971 288.148605 2.000000
70.458978 291.476632 2.000000
72.014977 291.097964 2.000000
68.080737 292.983401 2.000000
65.232755 289.267597 2.000000
65.387487 291.640386 2.000000
66.174875 288.800623 2.000000
65.201349 289.611579 2.000000
65.021869 291.048621 2.000000
66.448366 292.226887 2.000000
62.939792 292.493967 2.000000
69.160049 291.653588 2.000000
61.527078 291.158798 2.000000
67.350606 289.400148 2.000000
65.616938 294.284593 2.000000
65.201619 286.677598 2.000000
71.574626 295.080481 2.000000
67.709318 291.513871 2.000000
64.091253 295.727379 2.000000
63.286110 295.255813 2.000000
67.164414 290.029729 2.000000
62.832932 292.753319 2.000000
69.593293 297.478423 2.000000
64.982794 288.178385 2.000000
67.607511 288.118431 2.000000
65.855834 295.001040 2.000000
67.402531 292.193192 2.000000
65.584528 292.330090 2.000000
63.162381 296.029695 2.000000
63.029603 293.204024 2.000000
65.561019 295.108456 2.000000
64.216165 295.595245 2.000000
66.182798 292.683012 2.000000
62.198384 294.655290 2.000000
62.843504 285.964449 2.000000
63.520399 297.199810 2.000000
64.457549 290.835471 2.000000
66.175448 291.937722 2.000000
67.999815 298.679745 2.000000
66.081852 292.145652 2.000000
65.073028 291.505614 2.000000
62.485358 295.206408 2.000000
65.967874 287.176275 2.000000
61.659594 293.834735 2.000000
58.359356 294.156836 2.000000
61.808643 290.072252 2.000000
65.852283 293.993144 2.000000
65.992416 291.469077 2.000000
62.772542 291.953597 2.000000
67.424752 292.350905 2.000000
61.823805 295.211321 2.000000
61.898704 290.695073 2.000000
66.025401 295.202542 2.000000
62.884063 291.916185 2.000000
66.447409 295.009244 2.000000
65.217922 292.166430 2.000000
68.016368 292.809765 2.000000
67.762035 292.556915 2.000000
64.117268 290.686495 2.000000
57.479318 297.420421 2.000000
59.912831 293.701144 2.000000
57.962714 293.980645 2.000000
62.789366 295.178473 2.000000
64.798548 290.672819 2.000000
66.073541 297.235352 2.000000
66.013586 295.955810 2.000000
66.659279 293.139213 2.000000
63.792985 292.678042 2.000000
60.581423 293.698803 2.000000
57.384386 289.178282 2.000000
65.659835 295.468809 2.000000
66.923252 298.967996 2.000000
61.950488 298.586154 2.000000
65.072907 297.351185 2.000000
58.557834 296.203833 2.000000
55.665226 296.746248 2.000000
61.957598 292.785263 2.000000
59.350546 289.040337 2.000000
62.989872 295.565393 2.000000
63.327864 291.536254 2.000000
58.485360 296.469748 2.000000
66.074874 293.243985 2.000000
59.302906 293.876254 2.000000
63.982664 298.520017 2.000000
59.848517 294.741132 2.000000
63.843253 293.262193 2.000000
58.416647 293.629271 2.000000
65.476260 289.597764 2.000000
61.287346 295.051089 2.000000
59.713060 290.869120 2.000000
62.131732 293.466170 2.000000
64.238124 294.205694 2.000000
59.602573 297.737651 2.000000
62.199479 295.610527 2.000000
62.732470 300.158150 2.000000
61.076473 300.794888 2.000000
63.942643 290.558475 2.000000
61.752531 292.214576 2.000000
61.173199 296.794963 2.000000
60.793810 299.206142 2.000000
57.322281 291.182952 2.000000
59.708613 298.483115 2.000000
60.479088 289.076777 2.000000
60.613361 293.925844 2.000000
61.617310 297.910062 2.000000
60.024191 292.552589 2.000000
55.325947 298.241524 2.000000
62.667620 295.977188 2.000000
60.031339 296.154376 2.000000
65.640189 293.549826 2.000000
61.133159 291.547222 2.000000
52.712740 292.284068 2.000000
56.420203 293.788940 2.000000
55.634084 301.569926 2.000000
59.574011 297.470867 2.000000
57.192023 293.869617 2.000000
56.728478 292.106947 2.000000
53.555875 299.142581 2.000000
54.708727 294.907804 2.000000
61.799061 292.773201 2.000000
58.090956 295.590756 2.000000
57.220720 294.349002 2.000000
52.741146 297.879750 2.000000
63.019246 295.077170 2.000000
58.047319 297.512181 2.000000
58.139453 298.247224 2.000000
57.480530 298.236395 2.000000
55.105518 289.598166 2.000000
60.600768 298.017610 2.000000
54.867927 300.483264 2.000000
61.945230 295.095521 2.000000
62.246284 296.093491 2.000000
57.354967 296.827005 2.000000
58.981558 296.779504 2.000000
58.885630 294.088296 2.000000
57.316268 294.786377 2.000000
58.729627 300.332484 2.000000
57.255343 294.472926 2.000000
52.428584 295.348149 2.000000
57.761629 293.534616 2.000000
61.044086 300.404086 2.000000
56.745912 299.603976 2.000000
63.243244 301.047528 2.000000
58.384206 302.563811 2.000000
62.256887 297.151271 2.000000
54.102248 295.642916 2.000000
59.447195 295.642898 2.000000
64.188665 294.066254 2.000000
55.353498 296.459877 2.000000
56.615890 297.247838 2.000000
63.202211 296.140525 2.000000
56.744633 297.929005 2.000000
57.000161 292.294596 2.000000
55.230022 292.677660 2.000000
54.203576 295.622297 2.000000
61.195621 295.881279 2.000000
57.035261 300.590276 2.000000
63.381295 298.638230 2.000000
54.385006 293.982422 2.000000
55.333206 294.366916 2.000000
54.386821 299.031602 2.000000
56.580839 297.749857 2.000000
56.450279 298.743048 2.000000
58.898753 302.107696 2.000000
58.404926 293.724231 2.000000
55.529890 296.568367 2.000000
53.592269 298.223170 2.000000
58.097320 297.161209 2.000000
51.789917 296.929517 2.000000
56.034531 292.832647 2.000000
55.711026 299.548332 2.000000
57.922182 296.461549 2.000000
51.724473 302.546468 2.000000
51.829218 299.654557 2.000000
53.539982 299.373183 2.000000
53.880801 303.977083 2.000000
53.690144 299.211532 2.000000
54.581163 299.820241 2.000000
50.551039 295.560938 2.000000
52.475635 296.057282 2.000000
55.571594 297.471798 2.000000
54.037406 303.788718 2.000000
50.672701 297.335097 2.000000
56.585011 297.217359 2.000000
49.501449 298.551665 2.000000
52.686349 293.015808 2.000000
53.117440 298.177987 2.000000
54.083938 304.344443 2.000000
54.186593 301.516266 2.000000
50.272926 301.334430 2.000000
53.887298 298.408666 2.000000
51.278548 304.615566 2.000000
54.069768 304.542661 2.000000
54.430479 299.323225 2.000000
55.397767 298.662538 2.000000
57.682510 295.725223 2.000000
52.165289 297.988478 2.000000
58.279745 301.926223 2.000000
55.093973 302.186145 2.000000
51.407377 301.786922 2.000000
50.342960 298.670121 2.000000
59.247025 301.839889 2.000000
51.639415 299.382730 2.000000
56.185628 302.048404 2.000000
55.874565 301.159456 2.000000
51.545846 296.289146 2.000000
53.768653 301.989538 2.000000
47.441399 298.495588 2.000000
50.554628 297.000317 2.000000
53.255652 295.383919 2.000000
51.114610 301.682788 2.000000
57.528729 298.735636 2.000000
52.626666 302.695744 2.000000
49.544663 300.814643 2.000000
54.801708 299.084519 2.000000
55.044904 293.732086 2.000000
47.657802 298.018548 2.000000
46.942464 299.614068 2.000000
53.464647 299.205598 2.000000
51.538189 299.056686 2.000000
54.936519 297.960338 2.000000
50.036808 302.920582 2.000000
53.610416 303.452484 2.000000
51.535566 298.275096 2.000000
53.088371 300.421516 2.000000
52.377733 296.765312 2.000000
47.878139 301.449892 2.000000
51.862836 300.265139 2.000000
48.250592 300.643450 2.000000
49.663629 301.961394 2.000000
53.137741 299.436238 2.000000
44.016605 300.348196 2.000000
47.776930 300.100363 2.000000
46.487555 299.968511 2.000000
56.297780 306.612248 2.000000
48.688837 297.271698 2.000000
53.530054 311.169539 2.000000
52.904614 301.190297 2.000000
50.643906 300.648563 2.000000
44.856798 304.854363 2.000000
53.226641 304.922976 2.000000
47.728847 299.454172 2.000000
48.942623 300.332403 2.000000
51.303005 296.572273 2.000000
50.308966 298.077179 2.000000
46.952317 297.373572 2.000000
46.332164 300.253864 2.000000
49.021724 305.232235 2.000000
50.513902 296.521959 2.000000
46.482880 304.756826 2.000000
49.261345 300.839264 2.000000
51.689034 302.786286 2.000000
52.190942 298.550862 2.000000
51.106284 296.050935 2.000000
57.105022 306.916893 2.000000
52.859587 298.830009 2.000000
48.451337 303.794686 2.000000
48.728441 303.151356 2.000000
50.450088 306.092288 2.000000
53.276727 305.785722 2.000000
47.072157 304.400748 2.000000
50.766601 301.178222 2.000000
49.446680 297.422211 2.000000
45.739581 303.760660 2.000000
51.578019 304.630720 2.000000
47.244952 301.643875 2.000000
49.806452 296.072011 2.000000
45.408510 302.603201 2.000000
51.532427 301.742263 2.000000
53.098108 301.045436 2.000000
52.864655 295.008493 2.000000
50.204564 306.750201 2.000000
44.560303 302.153213 2.000000
43.741824 301.590678 2.000000
48.256607 300.276578 2.000000
50.635995 300.969211 2.000000
42.819928 301.989869 2.000000
44.909604 306.670922 2.000000
49.307749 302.438488 2.000000
49.808521 297.334188 2.000000
43.170086 299.427994 2.000000
48.822263 301.535850 2.000000
47.019104 302.699383 2.000000
48.839218 300.840979 2.000000
49.501785 298.106605 2.000000
46.419079 302.761513 2.000000
45.633503 295.511795 2.000000
48.165202 302.660673 2.000000
46.002431 298.718206 2.000000
49.628610 306.900574 2.000000
47.378620 300.934398 2.000000
48.147382 297.695462 2.000000
45.158920 299.879659 2.000000
49.915495 302.919874 2.000000
44.461010 305.755223 2.000000
43.570005 301.038303 2.000000
45.304781 303.008154 2.000000
45.263258 302.195151 2.000000
44.211488 302.181563 2.000000
50.728070 307.199444 2.000000
44.696885 299.716825 2.000000
43.835226 305.658192 2.000000
43.307291 302.084768 2.000000
48.491002 299.180476 2.000000
47.005750 301.144876 2.000000
45.735836 299.202260 2.000000
45.594674 305.797564 2.000000
47.020259 302.870554 2.000000
48.447555 302.230528 2.000000
45.108561 301.563001 2.000000
44.899049 303.087953 2.000000
47.392941 302.495006 2.000000
45.653167 303.414536 2.000000
47.478720 305.509268 2.000000
48.679172 304.636685 2.000000
48.429216 300.993263 2.000000
44.849432 301.311865 2.000000
45.472803 307.623042 2.000000
46.333259 306.768551 2.000000
47.042442 303.653829 2.000000
46.692026 304.215683 2.000000
45.916572 297.952943 2.000000
40.900709 310.669645 2.000000
48.992388 311.555288 2.000000
46.549205 299.444830 2.000000
41.144523 307.038504 2.000000
46.124056 301.656687 2.000000
41.055028 310.243581 2.000000
44.330990 305.674404 2.000000
48.133882 307.700640 2.000000
44.424371 299.640773 2.000000
48.379596 305.462909 2.000000
42.721437 299.335673 2.000000
40.594259 308.148207 2.000000
43.108207 302.779268 2.000000
47.698144 306.758983 2.000000
46.194939 304.403941 2.000000
37.097160 304.127749 2.000000
42.857613 299.552796 2.000000
41.847595 301.991248 2.000000
44.085466 302.672185 2.000000
48.992886 303.731694 2.000000
40.093920 304.478804 2.000000
42.091555 302.231351 2.000000
41.575365 305.637588 2.000000
46.522314 306.461348 2.000000
43.722198 301.552300 2.000000
39.572313 302.452055 2.000000
41.354796 309.997300 2.000000
36.128630 309.600679 2.000000
37.676533 304.238718 2.000000
40.887748 304.110325 2.000000
45.880120 302.829493 2.000000
38.385152 303.947315 2.000000
42.545968 308.766658 2.000000
44.470508 302.636574 2.000000
41.342782 304.221399 2.000000
38.442737 309.376733 2.000000
40.847113 306.236010 2.000000
40.897874 308.231941 2.000000
39.700989 306.149773 2.000000
38.466981 307.843028 2.000000
43.248414 305.970515 2.000000
41.109741 307.175449 2.000000
44.517479 305.692804 2.000000
45.526533 305.883237 2.000000
41.638035 305.821384 2.000000
38.844501 305.970822 2.000000
42.062277 306.374329 2.000000
42.357312 308.655915 2.000000
41.636768 308.495939 2.000000
41.225862 308.435567 2.000000
37.780650 307.484277 2.000000
41.168892 310.968780 2.000000
39.952260 306.997550 2.000000
41.020601 307.395388 2.000000
40.950496 303.672309 2.000000
38.310635 303.583885 2.000000
38.898946 302.820361 2.000000
46.423091 305.867218 2.000000
34.337754 305.003846 2.000000
37.367692 304.838209 2.000000
43.517224 299.309064 2.000000
33.353801 306.526298 2.000000
35.367198 307.563382 2.000000
39.650509 308.843148 2.000000
38.320452 303.831109 2.000000
40.190675 312.266555 2.000000
39.392521 302.134498 2.000000
42.436503 310.231321 2.000000
40.808129 305.979074 2.000000
41.386851 300.141681 2.000000
41.708775 311.015129 2.000000
39.149072 303.941906 2.000000
41.239341 308.980567 2.000000
39.111779 305.543757 2.000000
41.888332 308.514191 2.000000
40.970205 305.567219 2.000000
40.985017 302.858131 2.000000
38.223127 305.967367 2.000000
34.611777 307.601213 2.000000
41.390160 309.073692 2.000000
40.253626 306.464660 2.000000
41.245618 304.761984 2.000000
42.767568 306.456638 2.000000
38.496524 307.993396 2.000000
41.438094 303.219162 2.000000
38.546486 308.957688 2.000000
38.904033 305.826306 2.000000
38.786167 308.304725 2.000000
38.326792 311.931534 2.000000
37.287034 307.163967 2.000000
41.299984 306.256035 2.000000
38.485648 309.027865 2.000000
42.641301 309.074831 2.000000
38.850654 308.318935 2.000000
37.898132 305.348740 2.000000
37.775155 312.110407 2.000000
34.177786 311.030931 2.000000
43.885412 309.892149 2.000000
40.006870 309.122308 2.000000
43.335159 311.096259 2.000000
38.970661 307.629715 2.000000
33.364293 303.285941 2.000000
38.930894 312.972257 2.000000
39.140010 311.616993 2.000000
34.811066 307.029893 2.000000
38.092477 305.096638 2.000000
36.821169 311.826986 2.000000
31.980795 306.633600 2.000000
39.885368 311.550539 2.000000
42.439125 312.671215 2.000000
43.156912 308.868164 2.000000
36.523214 310.507745 2.000000
35.265004 311.368190 2.000000
35.462215 309.830367 2.000000
39.430278 305.826186 2.000000
30.091184 309.401013 2.000000
37.728382 309.694958 2.000000
36.628493 310.510144 2.000000
40.301079 301.289251 2.000000
34.673706 306.847143 2.000000
33.826903 309.967551 2.000000
38.161762 309.780491 2.000000
38.353027 308.516228 2.000000
39.476822 312.241542 2.000000
35.793315 306.762637 2.000000
35.316681 308.947822 2.000000
36.045118 315.777973 2.000000
36.447484 312.727860 2.000000
33.061349 305.117315 2.000000
38.670816 310.658759 2.000000
34.797874 312.162762 2.000000
38.670791 304.128538 2.000000
35.771247 309.429233 2.000000
39.014737 310.328047 2.000000
33.916717 309.998186 2.000000
39.437985 309.231501 2.000000
34.288845 304.051282 2.000000
35.759567 310.229732 2.000000
35.533292 307.826048 2.000000
35.791754 307.645838 2.000000
33.930072 313.741793 2.000000
30.123625 307.879045 2.000000
35.949644 311.714235 2.000000
30.914791 308.383868 2.000000
35.068559 307.177187 2.000000
31.223526 306.683864 2.000000
39.963272 312.213414 2.000000
35.787147 308.243174 2.000000
37.124082 308.477585 2.000000
31.939384 305.837175 2.000000
36.701524 307.447866 2.000000
30.879556 308.008360 2.000000
39.884084 313.861929 2.000000
37.193293 303.240738 2.000000
33.337312 313.276564 2.000000
30.370319 307.647964 2.000000
35.403261 313.023473 2.000000
34.058656 313.833825 2.000000
27.213283 310.550033 2.000000
30.297011 310.607691 2.000000
31.395590 311.349763 2.000000
36.188826 307.933023 2.000000
32.367222 311.517169 2.000000
33.891954 311.693317 2.000000
31.987466 311.551228 2.000000
34.867686 311.916547 2.000000
31.031026 310.115299 2.000000
27.201267 310.190125 2.000000
30.530363 310.314042 2.000000
32.989986 308.259055 2.000000
31.485620 304.671151 2.000000
35.755135 314.304538 2.000000
29.188849 311.461144 2.000000
32.091937 306.444180 2.000000
34.505995 306.239248 2.000000
28.996057 314.625313 2.000000
36.272134 309.173714 2.000000
37.325142 314.026118 2.000000
36.911666 310.897790 2.000000
29.774730 314.066492 2.000000
30.622827 312.511985 2.000000
33.958579 311.048239 2.000000
35.384804 318.315250 2.000000
36.619550 312.904085 2.000000
36.940144 313.854655 2.000000
28.448545 306.246261 2.000000
33.058864 310.030969 2.000000
38.300140 309.855174 2.000000
30.456887 318.356394 2.000000
34.631245 311.358730 2.000000
33.643081 312.103167 2.000000
31.261104 314.755019 2.000000
29.537929 312.382959 2.000000
31.448808 315.419331 2.000000
30.335620 309.499924 2.000000
23.907894 307.198688 2.000000
33.849498 308.123976 2.000000
30.497098 312.049929 2.000000
29.247774 314.348938 2.000000
33.987933 311.860183 2.000000
35.121892 311.505135 2.000000
29.632156 305.094159 2.000000
30.494213 309.060357 2.000000
31.948543 311.075901 2.000000
36.990662 311.560927 2.000000
29.668628 314.683616 2.000000
29.886533 315.594403 2.000000
33.042187 316.055249 2.000000
25.655160 309.252228 2.000000
25.160871 310.759187 2.000000
31.919253 310.595779 2.000000
31.647536 317.298383 2.000000
29.838740 307.317882 2.000000
29.813893 312.247117 2.000000
30.364555 313.733231 2.000000
32.712222 315.216745 2.000000
30.105642 313.540053 2.000000
28.880432 317.428743 2.000000
31.303207 310.433926 2.000000
32.204528 314.539516 2.000000
26.730896 317.301001 2.000000
26.670519 312.612995 2.000000
28.595862 307.039204 2.000000
33.949994 315.660024 2.000000
30.145439 310.535851 2.000000
26.882403 315.011314 2.000000
26.018717 314.293449 2.000000
27.915298 317.609116 2.000000
30.409643 311.843665 2.000000
34.122742 313.882041 2.000000
29.205721 313.512657 2.000000
29.699477 316.292144 2.000000
29.887815 313.693865 2.000000
31.809819 311.968074 2.000000
31.747950 311.506601 2.000000
34.849381 312.214197 2.000000
29.476024 315.696260 2.000000
33.362180 315.113466 2.000000
27.732684 310.545276 2.000000
27.793828 317.440859 2.000000
24.413249 313.688683 2.000000
30.618532 308.384887 2.000000
29.767766 308.064824 2.000000
29.815659 314.770036 2.000000
26.578472 309.292578 2.000000
33.733430 312.534547 2.000000
26.239683 314.872702 2.000000
25.123414 309.646109 2.000000
26.030274 315.180077 2.000000
23.596811 313.334127 2.000000
30.304526 312.366117 2.000000
29.612268 314.506014 2.000000
25.645405 319.928775 2.000000
28.050230 312.662704 2.000000
30.971378 310.456262 2.000000
27.206184 319.673169 2.000000
25.084935 312.864069 2.000000
29.063452 312.285932 2.000000
36.041954 312.496855 2.000000
26.043333 313.209634 2.000000
25.242187 312.573942 2.000000
24.278034 322.910372 2.000000
26.083312 312.290388 2.000000
26.061086 315.639055 2.000000
26.965219 317.066908 2.000000
23.441209 319.175713 2.000000
28.348849 308.433879 2.000000
25.486638 316.290862 2.000000
30.082494 317.912100 2.000000
31.716334 312.363082 2.000000
28.319653 317.696491 2.000000
30.795534 309.149086 2.000000
25.172880 314.553792 2.000000
24.805053 309.337868 2.000000
27.494376 314.054393 2.000000
26.711836 318.072029 2.000000
26.266463 315.543749 2.000000
24.408054 314.226797 2.000000
24.031067 314.146973 2.000000
25.991401 316.634895 2.000000
31.204635 317.563906 2.000000
27.840502 324.318199 2.000000
27.391712 320.531869 2.000000
27.587783 315.036747 2.000000
21.794053 317.520093 2.000000
26.097234 317.850405 2.000000
27.898841 310.724937 2.000000
23.831730 315.137127 2.000000
27.051849 315.779139 2.000000
26.052410 314.159260 2.000000
28.181861 311.906222 2.000000
26.965245 318.121899 2.000000
28.673519 318.890665 2.000000
24.919624 315.420269 2.000000
28.650174 310.567936 2.000000
18.146679 313.735633 2.000000
23.800383 315.129274 2.000000
27.125917 321.516552 2.000000
25.340575 318.580050 2.000000
28.456490 314.094165 2.000000
17.197240 314.516114 2.000000
30.398271 314.262424 2.000000
20.029547 316.322856 2.000000
30.392178 313.606619 2.000000
28.947682 319.012627 2.000000
21.229177 321.093444 2.000000
24.329971 314.213679 2.000000
24.370127 323.838121 2.000000
23.355025 317.643197 2.000000
23.415029 318.020901 2.000000
21.248937 313.874080 2.000000
24.442089 320.120241 2.000000
22.974848 316.252339 2.000000
31.017825 318.020609 2.000000
16.194517 318.906568 2.000000
22.271468 316.660273 2.000000
19.981700 314.081866 2.000000
24.478245 317.874512 2.000000
22.314344 319.604171 2.000000
26.520809 317.835841 2.000000
21.106399 321.162601 2.000000
20.018192 320.432527 2.000000
20.647513 317.042764 2.000000
21.958326 318.340595 2.000000
22.607484 316.203929 2.000000
26.577370 318.888073 2.000000
25.627959 314.188480 2.000000
24.243556 316.895818 2.000000
23.336504 315.760560 2.000000
25.125168 314.943656 2.000000
24.315414 319.128787 2.000000
21.917255 317.478120 2.000000
24.593833 315.841379 2.000000
21.379396 317.560218 2.000000
24.472407 317.194655 2.000000
24.167324 320.131324 2.000000
19.688698 315.384225 2.000000
27.402432 320.603934 2.000000
19.608141 321.341786 2.000000
16.589441 315.769205 2.000000
21.438281 319.724808 2.000000
23.073318 314.028132 2.000000
15.775047 312.278801 2.000000
22.362448 318.344232 2.000000
18.147913 315.651978 2.000000
17.064710 314.236777 2.000000
23.497289 322.366334 2.000000
20.311148 314.619671 2.000000
17.249317 318.710753 2.000000
25.302827 321.112122 2.000000
19.136410 319.002108 2.000000
28.083533 324.816716 2.000000
17.147690 323.211999 2.000000
21.396997 317.738085 2.000000
14.820712 311.967294 2.000000
15.983408 312.814851 2.000000
19.915487 318.240101 2.000000
27.149217 316.314683 2.000000
20.090665 318.520555 2.000000
21.814522 317.577103 2.000000
17.513632 317.525151 2.000000
17.491809 316.838920 2.000000
21.673079 318.400040 2.000000
24.588481 314.553797 2.000000
21.089893 317.609448 2.000000
15.673588 316.993733 2.000000
21.182581 317.501122 2.000000
20.269795 319.327956 2.000000
21.218133 317.143416 2.000000
19.156975 317.645460 2.000000
21.759372 322.092366 2.000000
16.631015 320.629537 2.000000
17.198204 314.120938 2.000000
20.377025 311.956415 2.000000
20.354332 319.185172 2.000000
23.940513 320.886940 2.000000
20.341934 319.310494 2.000000
22.283237 316.907626 2.000000
17.422756 322.667186 2.000000
18.171317 317.986649 2.000000
16.320364 322.505593 2.000000
19.429227 316.866723 2.000000
19.196553 317.275195 2.000000
17.655920 314.026840 2.000000
16.939061 319.965652 2.000000
20.493502 316.816239 2.000000
17.659422 320.979000 2.000000
16.800494 318.963828 2.000000
16.920694 323.327295 2.000000
19.134905 317.463314 2.000000
20.817804 313.291145 2.000000
17.786707 320.771210 2.000000
17.486618 321.531818 2.000000
22.152271 315.202969 2.000000
20.541076 320.094923 2.000000
21.622764 314.296266 2.000000
27.777823 320.127230 2.000000
16.549224 317.235202 2.000000
20.200489 322.580102 2.000000
20.924496 316.276721 2.000000
15.623752 318.251687 2.000000
21.473599 321.893391 2.000000
19.436648 318.695259 2.000000
19.670973 319.773469 2.000000
15.128758 316.206521 2.000000
19.650096 326.587257 2.000000
19.692202 321.082104 2.000000
12.769887 325.003087 2.000000
20.934633 322.905088 2.000000
15.310859 323.760239 2.000000
16.963216 322.786161 2.000000
12.324257 323.065066 2.000000
16.609110 316.386373 2.000000
21.596933 321.950168 2.000000
16.102800 317.553559 2.000000
18.664751 323.039384 2.000000
10.722088 317.733094 2.000000
17.102954 321.587154 2.000000
20.571004 322.165045 2.000000
16.769946 324.814843 2.000000
19.714527 321.380280 2.000000
18.717119 318.909564 2.000000
15.989654 320.088355 2.000000
18.857656 319.858769 2.000000
16.216002 311.869425 2.000000
14.807327 323.560796 2.000000
16.226013 319.251592 2.000000
16.284410 317.072686 2.000000
20.671695 323.756717 2.000000
13.608973 314.599522 2.000000
16.238309 322.045271 2.000000
12.682587 326.534234 2.000000
15.178531 320.438863 2.000000
15.022501 318.715500 2.000000
15.379908 325.716459 2.000000
13.331413 318.711844 2.000000
12.067076 316.448000 2.000000
16.931661 324.217828 2.000000
15.928012 322.371247 2.000000
17.520826 320.821036 2.000000
19.184132 318.059507 2.000000
15.624943 318.484342 2.000000
14.755898 320.546737 2.000000
17.970829 321.698957 2.000000
17.332285 322.731690 2.000000
12.324923 321.398332 2.000000
12.120674 328.111316 2.000000
17.384213 318.304892 2.000000
16.360677 322.286425 2.000000
10.556070 318.321248 2.000000
8.834318 318.272865 2.000000
16.142938 320.383133 2.000000
13.057154 319.803764 2.000000
12.363161 320.705832 2.000000
13.296350 315.522035 2.000000
13.833666 318.736164 2.000000
17.353725 322.887719 2.000000
17.114922 316.784389 2.000000
9.376052 320.144821 2.000000
16.094660 321.535049 2.000000
17.101358 319.409956 2.000000
9.778686 319.424103 2.000000
11.947705 320.279436 2.000000
11.229241 324.768631 2.000000
10.225354 318.314720 2.000000
12.517995 324.738360 2.000000
16.771386 322.654050 2.000000
14.209732 323.660853 2.000000
12.671961 323.481351 2.000000
12.824874 315.243089 2.000000
13.634812 314.583570 2.000000
12.636491 326.707986 2.000000
15.453199 324.199224 2.000000
13.415647 320.463942 2.000000
12.955709 321.708735 2.000000
13.798447 321.779888 2.000000
12.581716 319.015024 2.000000
12.290276 315.304337 2.000000
14.790481 321.736287 2.000000
10.604312 322.041985 2.000000
16.746577 322.256800 2.000000
13.181411 324.222188 2.000000
14.778287 319.968485 2.000000
15.101379 319.265618 2.000000
10.316615 326.294170 2.000000
12.571562 322.692896 2.000000
11.422954 318.468494 2.000000
10.049923 321.424104 2.000000
8.059829 321.436001 2.000000
11.802298 320.692388 2.000000
14.190962 323.637249 2.000000
6.093848 320.877830 2.000000
7.408497 322.440439 2.000000
11.089063 327.610912 2.000000
10.288507 318.041254 2.000000
14.121232 321.250432 2.000000
13.279885 322.732632 2.000000
9.623420 319.870493 2.000000
13.337488 324.478755 2.000000
10.148897 323.244024 2.000000
8.108349 320.882336 2.000000
8.405304 322.259318 2.000000
12.749583 323.022946 2.000000
1.932355 321.723249 2.000000
15.486611 319.900934 2.000000
10.056844 316.017886 2.000000
11.903218 328.436390 2.000000
10.968866 318.204700 2.000000
7.631353 322.377782 2.000000
12.100546 322.361441 2.000000
11.592842 314.077388 2.000000
8.068952 324.506302 2.000000
11.939356 323.093888 2.000000
8.687532 320.831770 2.000000
9.618751 315.604907 2.000000
7.167355 319.397403 2.000000
9.042855 326.168540 2.000000
9.755334 321.891269 2.000000
12.019837 321.588156 2.000000
4.434540 319.444031 2.000000
11.623716 327.538594 2.000000
11.990125 315.810878 2.000000
13.998337 326.026182 2.000000
10.188699 325.180881 2.000000
5.116833 320.047064 2.000000
13.728779 323.480083 2.000000
9.604485 320.489149 2.000000
14.559219 320.847127 2.000000
6.229086 321.638753 2.000000
11.105019 322.464304 2.000000
13.150913 323.183836 2.000000
8.798601 319.800724 2.000000
7.145496 327.164017 2.000000
12.346575 321.596561 2.000000
8.221527 328.815551 2.000000
12.313892 326.855278 2.000000
10.532937 324.709601 2.000000
0.356438 321.758462 2.000000
11.388027 324.210334 2.000000
6.806327 326.286707 2.000000
3.592756 318.264769 2.000000
6.891670 322.295888 2.000000
11.783194 325.027613 2.000000
3.683628 321.934787 2.000000
8.219637 323.491379 2.000000
6.444684 324.658130 2.000000
5.068128 327.422752 2.000000
7.453327 321.521194 2.000000
10.862238 323.777433 2.000000
11.620039 319.208037 2.000000
0.995176 323.580096 2.000000
6.076356 321.703625 2.000000
6.964469 320.534777 2.000000
6.951968 321.674386 2.000000
4.664807 325.450739 2.000000
10.800371 322.481549 2.000000
8.575307 327.695354 2.000000
5.318014 322.735131 2.000000
7.714665 324.695838 2.000000
5.234501 320.432136 2.000000
4.616625 327.793507 2.000000
8.325182 322.530461 2.000000
9.956740 322.370621 2.000000
7.419455 319.564595 2.000000
5.535443 327.494303 2.000000
3.935224 325.549691 2.000000
7.516816 325.785621 2.000000
5.859485 322.478934 2.000000
5.616936 323.693895 2.000000
3.722761 322.120336 2.000000
8.579186 327.885202 2.000000
13.611619 319.699018 2.000000
2.393385 324.357785 2.000000
2.680988 326.202485 2.000000
8.010688 326.004204 2.000000
7.678755 324.404481 2.000000
4.548391 322.760420 2.000000
5.265390 326.436764 2.000000
2.469798 324.270125 2.000000
6.004011 319.495325 2.000000
2.370848 322.530698 2.000000
7.743904 323.429665 2.000000
-0.006367 328.074751 2.000000
12.335221 323.021621 2.000000
6.362110 326.049855 2.000000
8.372735 319.549299 2.000000
4.292252 325.918791 2.000000
1.760992 325.829273 2.000000
0.503856 328.662417 2.000000
1.789377 323.935022 2.000000
1.942054 322.089418 2.000000
5.702878 324.949037 2.000000
7.336455 328.484950 2.000000
1.226683 320.509299 2.000000
6.320492 326.041893 2.000000
2.591055 320.357199 2.000000
3.076582 322.457523 2.000000
1.690901 321.574798 2.000000
5.880257 329.699818 2.000000
6.415151 323.784100 2.000000
5.564134 324.044150 2.000000
10.752065 326.796264 2.000000
0.758492 323.302340 2.000000
0.043466 324.214788 2.000000
4.764266 328.259924 2.000000
4.816197 332.406852 2.000000
1.566449 325.367665 2.000000
5.644899 328.360620 2.000000
5.298991 328.350629 2.000000
1.469933 325.212339 2.000000
6.640582 324.653759 2.000000
4.352736 327.432043 2.000000
3.744298 324.680751 2.000000
3.241849 327.253832 2.000000
-2.194926 326.975098 2.000000
5.606957 326.808448 2.000000
1.821779 323.169767 2.000000
4.034681 326.203708 2.000000
-0.194868 326.632403 2.000000
4.049826 330.361857 2.000000
10.730776 324.100266 2.000000
2.387701 330.044573 2.000000
6.957248 334.266182 2.000000
6.977750 324.358504 2.000000
9.469559 322.357200 2.000000
2.635965 321.801011 2.000000
4.517886 325.981466 2.000000
4.107671 324.679896 2.000000
3.724986 326.375194 2.000000
3.491022 326.937541 2.000000
5.274575 324.535059 2.000000
-1.089494 329.559195 2.000000
2.811194 328.363965 2.000000
-1.724279 327.662091 2.000000
1.508120 322.368365 2.000000
-2.004067 329.963382 2.000000
2.750858 327.274276 2.000000
2.518488 330.052161 2.000000
6.654467 324.856608 2.000000
1.806377 328.237614 2.000000
-2.209332 324.589455 2.000000
1.338828 324.641556 2.000000
-0.652020 324.557072 2.000000
2.059548 326.282982 2.000000
0.050239 324.808216 2.000000
-0.622622 326.875542 2.000000
-2.444864 325.244075 2.000000
-2.274775 327.044508 2.000000
-2.489157 327.108583 2.000000
5.488833 321.056954 2.000000
-1.638807 326.850103 2.000000
2.658895 329.525910 2.000000
-0.231482 330.882935 2.000000
-3.718098 327.178795 2.000000
-1.091810 331.047459 2.000000
-5.113025 326.853931 2.000000
-1.844093 322.925701 2.000000
-2.862909 331.451523 2.000000
0.714390 328.511508 2.000000
-3.978207 325.391741 2.000000
5.268812 322.123541 2.000000
0.938497 321.939922 2.000000
2.994897 330.735052 2.000000
-5.015565 329.774085 2.000000
0.723152 330.392371 2.000000
-1.041669 331.457011 2.000000
-2.455425 322.032048 2.000000
-0.122859 330.391216 2.000000
-0.035414 330.551509 2.000000
-4.608806 326.715060 2.000000
-0.191851 324.929888 2.000000
-0.116148 331.938857 2.000000
-3.264130 329.156174 2.000000
-2.697432 323.422915 2.000000
4.266155 329.536265 2.000000
-0.001791 324.383307 2.000000
0.333301 330.687067 2.000000
-0.167796 327.152524 2.000000
-0.369646 319.520408 2.000000
0.146545 328.596732 2.000000
-2.721343 326.551396 2.000000
1.996614 325.029409 2.000000
-8.510469 326.347972 2.000000
0.087958 328.266994 2.000000
1.762773 329.862081 2.000000
0.301679 325.234653 2.000000
-5.848427 329.205889 2.000000
-4.192536 328.176410 2.000000
-4.846100 324.531689 2.000000
-7.011406 334.461715 2.000000
-5.256126 330.915251 2.000000
-0.548634 330.394066 2.000000
-5.450371 324.314022 2.000000
-0.770962 331.555121 2.000000
-4.025700 329.086499 2.000000
-4.025489 322.935344 2.000000
-3.531457 326.375417 2.000000
-2.581887 329.466613 2.000000
-6.581162 328.854938 2.000000
-5.073701 326.172090 2.000000
-2.071633 325.323628 2.000000
-0.356913 329.027593 2.000000
-4.198368 329.300133 2.000000
-2.995646 323.802934 2.000000
-3.671477 328.136787 2.000000
-4.971014 326.142059 2.000000
-3.687083 323.873905 2.000000
-5.756496 331.977244 2.000000
-12.223259 329.835029 2.000000
-6.786411 325.293859 2.000000
116.595685 275.617549 2.000000
118.860844 279.816472 2.000000
117.446790 286.147046 2.000000
119.573808 282.232345 2.000000
117.119206 278.998351 2.000000
125.434340 280.293723 2.000000
117.346016 277.976296 2.000000
114.963924 279.574903 2.000000
120.086549 274.977655 2.000000
120.897240 275.310120 2.000000
116.647450 280.515298 2.000000
120.010192 282.230335 2.000000
119.286271 283.193329 2.000000
119.020325 283.283797 2.000000
114.909193 277.985940 2.000000
117.198031 284.154603 2.000000
122.790084 277.880005 2.000000
116.600548 277.813889 2.000000
117.404741 275.155973 2.000000
113.430359 280.605066 2.000000
125.884358 276.537428 2.000000
117.218596 276.089737 2.000000
122.587253 279.186178 2.000000
117.172815 281.692258 2.000000
118.554879 282.515432 2.000000
120.685359 277.029853 2.000000
121.183359 286.754164 2.000000
119.205485 277.637421 2.000000
122.915626 283.274818 2.000000
116.670068 280.965468 2.000000
119.405534 284.560273 2.000000
110.400348 281.392754 2.000000
117.272599 277.399525 2.000000
117.133440 278.037909 2.000000
115.297764 279.522263 2.000000
120.960866 278.828817 2.000000
119.066925 278.427723 2.000000
117.002902 278.748301 2.000000
117.332063 287.639152 2.000000
118.969912 276.277969 2.000000
120.301724 279.780792 2.000000
113.910023 278.370922 2.000000
116.948691 277.311214 2.000000
120.386393 280.924459 2.000000
120.609254 286.150341 2.000000
118.560276 280.455512 2.000000
114.548803 276.130802 2.000000
125.122556 281.844896 2.000000
113.877861 282.621060 2.000000
114.721646 281.638338 2.000000
119.773365 282.890123 2.000000
110.725591 277.781080 2.000000
121.549931 281.281067 2.000000
122.870331 278.702829 2.000000
119.698401 279.644523 2.000000
119.524508 279.712160 2.000000
118.685970 277.816303 2.000000
117.532209 277.772629 2.000000
117.406374 278.092176 2.000000
116.782448 279.114356 2.000000
118.646876 274.983545 2.000000
115.877884 282.515504 2.000000
116.258005 278.804801 2.000000
122.012849 278.586400 2.000000
114.303695 278.685835 2.000000
122.724844 275.612826 2.000000
119.355170 283.320842 2.000000
116.304583 279.191573 2.000000
118.141273 277.345899 2.000000
117.767006 281.791439 2.000000
120.219282 275.511194 2.000000
117.255123 274.574609 2.000000
119.572850 279.431216 2.000000
118.123523 278.149525 2.000000
116.193515 275.756636 2.000000
117.514050 277.373145 2.000000
116.436409 280.599883 2.000000
115.460294 283.003053 2.000000
121.561145 276.950984 2.000000
118.574533 279.075855 2.000000
119.445447 284.425672 2.000000
116.349555 274.470809 2.000000
117.138881 277.756811 2.000000
119.283579 270.254750 2.000000
115.062734 278.047263 2.000000
120.284300 282.122461 2.000000
120.359409 280.208502 2.000000
122.720668 276.302948 2.000000
117.018241 277.918625 2.000000
125.927125 277.668620 2.000000
118.451093 275.747919 2.000000
121.413432 278.811746 2.000000
116.284431 275.308231 2.000000
121.189167 279.206911 2.000000
116.581910 276.202137 2.000000
120.940364 279.481778 2.000000
119.021505 273.579383 2.000000
118.029437 275.213554 2.000000
122.357217 277.596269 2.000000
117.289938 280.770346 2.000000
127.619863 271.410661 2.000000
125.181713 274.320009 2.000000
123.044256 278.573315 2.000000
119.163048 282.006881 2.000000
111.627221 277.738893 2.000000
118.938053 273.717058 2.000000
116.306217 272.240349 2.000000
121.364353 279.718569 2.000000
114.616477 280.653864 2.000000
118.519008 275.274831 2.000000
123.712042 274.270615 2.000000
116.923371 271.199345 2.000000
119.544730 269.443726 2.000000
117.989368 277.272880 2.000000
107.870802 281.299977 2.000000
123.695090 279.012358 2.000000
115.147959 274.580858 2.000000
123.908062 275.819247 2.000000
117.042514 272.144719 2.000000
123.960070 280.687359 2.000000
120.212966 279.565605 2.000000
118.351398 276.676201 2.000000
120.054904 275.687747 2.000000
122.926178 282.260151 2.000000
119.118329 276.186896 2.000000
121.095641 271.378274 2.000000
117.901678 276.234864 2.000000
118.085383 272.768533 2.000000
120.804308 272.538983 2.000000
117.869997 281.336012 2.000000
117.282746 278.991000 2.000000
113.661580 270.423828 2.000000
120.653960 282.164149 2.000000
118.816742 276.233888 2.000000
115.822562 279.114374 2.000000
118.119476 272.892856 2.000000
115.080794 271.726732 2.000000
115.174591 275.277679 2.000000
122.458026 276.315616 2.000000
123.648972 273.275617 2.000000
117.927779 280.203452 2.000000
115.708370 278.420797 2.000000
117.595678 272.722072 2.000000
119.183965 274.830145 2.000000
109.814253 276.637334 2.000000
115.975969 270.117732 2.000000
122.138821 276.542208 2.000000
115.449473 282.502861 2.000000
121.217919 275.070241 2.000000
113.864611 273.946651 2.000000
120.377804 279.027738 2.000000
114.239196 276.359454 2.000000
123.138151 275.025772 2.000000
113.428892 279.379191 2.000000
115.884725 281.965462 2.000000
119.963942 274.116180 2.000000
116.407736 277.709976 2.000000
111.592550 271.894936 2.000000
118.968347 274.686144 2.000000
119.165505 276.202192 2.000000
121.147885 271.906750 2.000000
119.806833 272.583714 2.000000
119.040472 276.447780 2.000000
115.692822 276.854438 2.000000
116.574359 274.573989 2.000000
117.011630 275.689191 2.000000
120.314619 276.539099 2.000000
114.785737 278.073775 2.000000
117.179896 276.736144 2.000000
124.869256 271.319474 2.000000
112.435404 275.285536 2.000000
114.481782 276.938013 2.000000
120.405499 276.950232 2.000000
122.500098 272.368033 2.000000
113.266954 281.673917 2.000000
116.074271 273.734764 2.000000
116.998487 275.280628 2.000000
122.893254 269.551516 2.000000
120.744369 275.713938 2.000000
113.860261 273.196235 2.000000
123.979031 276.759339 2.000000
120.182168 276.045702 2.000000
116.174257 273.445534 2.000000
118.313603 272.459929 2.000000
112.482917 278.670403 2.000000
114.115745 276.606959 2.000000
113.073334 273.831667 2.000000
118.582637 272.410966 2.000000
118.879409 274.808323 2.000000
117.857211 272.280066 2.000000
117.331299 273.325023 2.000000
115.989003 272.435628 2.000000
113.028663 277.644469 2.000000
116.104877 267.954599 2.000000
122.593709 275.536124 2.000000
111.335558 275.319281 2.000000
116.072386 271.907521 2.000000
117.543233 273.013853 2.000000
116.161167 277.166259 2.000000
116.151418 276.717997 2.000000
121.661752 275.124668 2.000000
116.453747 269.726522 2.000000
119.154427 275.647844 2.000000
118.597843 273.631229 2.000000
119.340815 272.230072 2.000000
121.835712 271.776558 2.000000
111.287385 272.379948 2.000000
119.413879 280.681808 2.000000
119.520682 273.826914 2.000000
118.462509 276.533897 2.000000
121.172711 276.253293 2.000000
118.037389 271.007791 2.000000
111.014397 271.636398 2.000000
118.927521 273.362883 2.000000
115.893351 276.879108 2.000000
122.381642 273.486114 2.000000
120.267686 278.601297 2.000000
116.773304 275.230981 2.000000
114.814774 273.157492 2.000000
116.068839 274.270754 2.000000
116.445839 275.373670 2.000000
119.602135 271.907019 2.000000
117.034932 271.321642 2.000000
117.156203 276.366488 2.000000
116.520491 274.991049 2.000000
121.667085 275.933025 2.000000
123.449809 273.477852 2.000000
116.643010 267.688603 2.000000
120.798678 276.738634 2.000000
117.813612 271.759538 2.000000
117.648631 273.098169 2.000000
119.119676 272.691114 2.000000
118.031514 268.125538 2.000000
118.332263 271.057470 2.000000
120.924451 276.230161 2.000000
119.389196 272.059667 2.000000
116.509482 275.566332 2.000000
118.830405 275.705193 2.000000
117.004703 269.561270 2.000000
116.556463 273.515760 2.000000
117.820890 277.427593 2.000000
117.712917 270.266022 2.000000
116.212910 274.288631 2.000000
118.597040 273.695787 2.000000
114.734608 272.645487 2.000000
117.993733 267.665048 2.000000
118.379936 271.059154 2.000000
118.748398 273.203912 2.000000
115.639101 267.606769 2.000000
112.005259 272.827729 2.000000
116.234884 277.591587 2.000000
117.730056 270.997738 2.000000
116.526749 267.165886 2.000000
117.140558 273.784574 2.000000
121.122400 272.005868 2.000000
117.800358 266.078950 2.000000
119.532653 268.867334 2.000000
121.971000 272.056606 2.000000
114.994092 268.956034 2.000000
115.311032 274.587125 2.000000
116.465905 266.064374 2.000000
116.015027 269.461706 2.000000
117.213491 275.259166 2.000000
118.807646 272.741252 2.000000
114.563398 274.378948 2.000000
117.899560 275.012491 2.000000
119.100997 263.703247 2.000000
120.694461 272.249088 2.000000
114.344143 270.042558 2.000000
113.902117 275.383863 2.000000
112.986543 266.403686 2.000000
117.042499 274.233495 2.000000
119.726042 275.636449 2.000000
116.288583 273.362700 2.000000
117.068296 272.339296 2.000000
118.972228 271.177729 2.000000
113.690516 269.416914 2.000000
119.277201 275.222954 2.000000
114.998099 267.843334 2.000000
116.794051 271.195569 2.000000
114.279258 271.515260 2.000000
114.774951 274.145320 2.000000
116.987458 268.589307 2.000000
118.824721 272.044388 2.000000
118.573845 268.375349 2.000000
118.728361 270.250195 2.000000
112.914518 269.007516 2.000000
118.008780 271.149657 2.000000
119.320247 274.031886 2.000000
116.659001 269.012584 2.000000
117.708105 270.842328 2.000000
118.545412 268.994350 2.000000
114.639843 269.447295 2.000000
117.164423 269.983511 2.000000
115.878654 271.007582 2.000000
120.478554 271.298933 2.000000
117.028735 269.765102 2.000000
119.081270 271.625220 2.000000
120.142179 269.910523 2.000000
117.231947 267.517355 2.000000
118.624856 271.567108 2.000000
119.033782 272.214923 2.000000
115.081896 279.482629 2.000000
118.260678 270.978193 2.000000
116.483289 274.078775 2.000000
112.866309 267.950724 2.000000
120.741621 275.641856 2.000000
117.408790 268.614625 2.000000
115.281458 270.759495 2.000000
121.690915 270.587733 2.000000
118.947717 273.754390 2.000000
121.655993 265.322166 2.000000
117.614692 276.454121 2.000000
121.296037 269.360438 2.000000
121.887865 268.356050 2.000000
112.306891 273.144013 2.000000
129.897803 270.438575 2.000000
117.110066 271.552246 2.000000
118.314296 271.349411 2.000000
118.212774 270.180806 2.000000
109.615205 270.175780 2.000000
116.820809 267.807982 2.000000
117.290494 268.642080 2.000000
115.255308 268.972439 2.000000
113.149302 269.013609 2.000000
113.735631 265.186992 2.000000
114.000839 270.867557 2.000000
114.922317 275.799059 2.000000
122.142911 272.644755 2.000000
119.625814 272.079415 2.000000
119.605777 267.576815 2.000000
120.341209 268.244137 2.000000
112.086489 274.814915 2.000000
115.371866 266.511280 2.000000
112.165408 272.305645 2.000000
116.750210 270.038870 2.000000
116.097098 271.095084 2.000000
115.947010 271.248835 2.000000
114.482125 271.049345 2.000000
115.277110 267.551028 2.000000
117.306068 266.458623 2.000000
116.069923 271.388749 2.000000
118.451199 268.694876 2.000000
114.597138 270.483174 2.000000
122.370305 266.614392 2.000000
118.979685 268.340793 2.000000
117.701367 275.827652 2.000000
115.285443 267.914635 2.000000
115.166625 267.601251 2.000000
114.918739 268.811479 2.000000
112.650707 269.808935 2.000000
114.937243 270.736641 2.000000
122.638269 269.755514 2.000000
118.462787 267.989916 2.000000
118.238704 267.340397 2.000000
116.430198 270.447946 2.000000
120.869112 271.455206 2.000000
121.760724 270.100236 2.000000
117.390490 264.558453 2.000000
113.899631 271.344634 2.000000
113.905355 264.562962 2.000000
115.349697 265.607256 2.000000
112.797490 269.616473 2.000000
113.355140 274.681456 2.000000
109.547594 269.534187 2.000000
112.047394 270.416278 2.000000
118.233863 267.359717 2.000000
119.326796 269.676735 2.000000
119.385833 274.053367 2.000000
117.643717 271.387465 2.000000
118.540401 268.728532 2.000000
118.773578 266.750969 2.000000
119.247476 267.760961 2.000000
116.426615 272.509169 2.000000
118.938428 271.802779 2.000000
114.303552 267.822006 2.000000
116.966310 272.824395 2.000000
119.039300 264.614152 2.000000
117.858247 264.929243 2.000000
121.849974 269.950755 2.000000
114.734632 270.857996 2.000000
115.668171 264.345802 2.000000
114.854360 263.690190 2.000000
113.275543 269.965877 2.000000
115.954616 270.195271 2.000000
118.799346 272.844005 2.000000
115.894458 271.984963 2.000000
118.684516 271.287100 2.000000
115.593256 267.662623 2.000000
114.211420 266.556991 2.000000
113.785540 268.562899 2.000000
118.343220 269.746817 2.000000
115.300920 266.151133 2.000000
112.660996 272.119149 2.000000
118.659863 267.150661 2.000000
114.331682 268.235151 2.000000
121.515564 267.295239 2.000000
121.861291 265.985279 2.000000
117.731035 266.657819 2.000000
110.609953 268.584497 2.000000
116.808824 275.121970 2.000000
120.026606 271.088010 2.000000
113.801427 268.599616 2.000000
108.349804 264.593108 2.000000
116.957083 268.109630 2.000000
114.447960 261.837462 2.000000
116.622667 261.821355 2.000000
114.755613 263.984321 2.000000
116.662146 265.673673 2.000000
118.769221 263.010459 2.000000
122.124086 267.206296 2.000000
112.525336 262.441668 2.000000
113.840555 263.283732 2.000000
115.795043 268.230593 2.000000
118.358393 267.642638 2.000000
114.996988 263.809601 2.000000
117.554980 266.936002 2.000000
119.300901 263.814311 2.000000
116.450698 261.731354 2.000000
124.116769 263.311311 2.000000
120.498694 270.016731 2.000000
110.948550 267.397099 2.000000
118.245653 265.324521 2.000000
115.755770 266.165414 2.000000
118.000701 265.880492 2.000000
118.314630 263.514708 2.000000
117.471199 265.011160 2.000000
120.587956 265.226279 2.000000
122.714198 268.010038 2.000000
119.667069 262.368774 2.000000
108.828139 258.248600 2.000000
114.306824 273.113101 2.000000
112.848783 262.388140 2.000000
119.080553 267.175207 2.000000
117.365371 262.748029 2.000000
111.908070 270.974397 2.000000
115.132934 269.035762 2.000000
117.698840 270.675045 2.000000
111.448417 264.313558 2.000000
114.546844 267.647026 2.000000
118.467796 266.378587 2.000000
122.293848 264.851814 2.000000
119.322645 263.307302 2.000000
118.876812 266.598508 2.000000
118.614552 266.420735 2.000000
119.684479 268.546830 2.000000
113.094654 265.224293 2.000000
116.072587 267.847147 2.000000
118.302942 267.097070 2.000000
114.670552 263.918374 2.000000
116.233502 262.682069 2.000000
115.530862 268.500405 2.000000
118.169901 269.715714 2.000000
107.483203 263.447891 2.000000
112.054228 267.627415 2.000000
123.235541 266.099262 2.000000
118.623212 263.599150 2.000000
118.507526 265.001587 2.000000
119.253580 268.497102 2.000000
117.567955 266.834464 2.000000
117.635365 264.323995 2.000000
117.798685 266.497216 2.000000
119.522558 263.441074 2.000000
116.819198 264.542292 2.000000
111.707707 269.195808 2.000000
118.916138 261.575218 2.000000
114.962314 266.678738 2.000000
116.167760 265.036655 2.000000
120.225584 263.989167 2.000000
117.726329 266.240327 2.000000
115.312231 261.970503 2.000000
114.514336 261.758185 2.000000
115.065767 265.059670 2.000000
110.241944 263.890206 2.000000
117.498063 268.516842 2.000000
116.659502 268.849231 2.000000
115.216212 266.432256 2.000000
118.878848 264.844487 2.000000
116.303449 265.249301 2.000000
114.934986 258.150033 2.000000
115.939496 263.458065 2.000000
114.241777 266.312839 2.000000
116.229769 257.887008 2.000000
115.581354 263.205713 2.000000
113.189817 268.963106 2.000000
114.506581 266.174910 2.000000
116.714160 265.622366 2.000000
120.592849 268.299932 2.000000
117.878786 262.758288 2.000000
114.683799 260.597347 2.000000
113.035924 261.696884 2.000000
118.473364 262.087452 2.000000
116.843783 267.934962 2.000000
113.324585 262.638742 2.000000
115.609648 259.911146 2.000000
115.176547 263.798221 2.000000
121.154106 266.406675 2.000000
121.744039 262.966758 2.000000
117.844638 263.993584 2.000000
120.836965 258.618940 2.000000
112.561141 265.062729 2.000000
121.788792 262.486358 2.000000
113.780766 261.548958 2.000000
117.153035 260.440446 2.000000
115.466370 263.000797 2.000000
117.618125 261.284707 2.000000
111.342139 265.265390 2.000000
118.434441 262.517753 2.000000
113.254955 267.756678 2.000000
113.284707 271.447120 2.000000
117.500899 263.237643 2.000000
109.241461 267.219157 2.000000
111.412112 261.896609 2.000000
115.541993 261.597867 2.000000
114.272797 271.334341 2.000000
114.722676 261.542848 2.000000
116.527684 260.083373 2.000000
115.356055 260.413877 2.000000
116.050517 266.648712 2.000000
112.386023 265.421704 2.000000
115.803639 260.054052 2.000000
122.457213 262.505771 2.000000
113.353322 268.147772 2.000000
116.359143 262.716552 2.000000
113.059256 263.385256 2.000000
115.988045 257.282551 2.000000
119.202132 268.307641 2.000000
117.748898 266.511212 2.000000
117.793714 260.095490 2.000000
115.529059 263.415298 2.000000
113.880154 261.172448 2.000000
113.766348 263.144863 2.000000
117.064185 262.835279 2.000000
114.523115 261.648511 2.000000
116.041621 263.224897 2.000000
113.480762 259.622469 2.000000
120.056148 266.648399 2.000000
115.594248 263.862401 2.000000
115.416023 265.618762 2.000000
120.528225 257.132398 2.000000
116.325332 257.419430 2.000000
112.542867 262.229583 2.000000
115.075692 255.202454 2.000000
114.247535 265.181173 2.000000
115.599432 259.529676 2.000000
116.069292 262.341256 2.000000
110.141607 261.947438 2.000000
114.300919 262.486765 2.000000
118.931917 262.566642 2.000000
116.836830 266.070150 2.000000
116.399917 266.006037 2.000000
118.639871 262.682738 2.000000
117.861820 264.777503 2.000000
114.280572 262.866349 2.000000
112.602902 264.101294 2.000000
118.717718 265.396239 2.000000
120.921194 262.585695 2.000000
114.087565 259.680103 2.000000
113.950803 261.367233 2.000000
118.020589 260.049294 2.000000
119.208271 260.965169 2.000000
111.864782 263.090040 2.000000
119.326014 259.799613 2.000000
116.308718 262.035075 2.000000
119.024093 263.129150 2.000000
114.187087 256.302712 2.000000
113.703146 261.457390 2.000000
116.057315 258.975122 2.000000
121.165622 259.120315 2.000000
119.221284 258.817918 2.000000
116.749115 262.050586 2.000000
115.133594 259.779578 2.000000
120.915372 261.968405 2.000000
118.126802 262.136327 2.000000
120.340087 257.476062 2.000000
122.114930 264.092997 2.000000
113.566212 259.104925 2.000000
115.899572 262.121967 2.000000
115.683934 265.522115 2.000000
114.607063 259.420659 2.000000
110.726845 266.157010 2.000000
119.814145 254.647672 2.000000
112.434434 260.746773 2.000000
117.992548 264.333428 2.000000
111.071460 259.597739 2.000000
113.890697 258.857802 2.000000
117.835111 262.670975 2.000000
118.092774 262.036159 2.000000
109.339920 263.695955 2.000000
114.291495 265.825113 2.000000
118.376989 260.098174 2.000000
118.211075 258.355021 2.000000
116.661175 258.245481 2.000000
113.975879 255.924653 2.000000
120.565343 259.976218 2.000000
115.968633 261.574613 2.000000
115.838727 258.751619 2.000000
117.065588 265.823104 2.000000
122.375413 257.927911 2.000000
117.063309 262.140585 2.000000
113.327191 260.909030 2.000000
110.729315 258.025602 2.000000
119.592520 262.575494 2.000000
116.185347 258.267302 2.000000
109.673312 260.663694 2.000000
115.080753 251.584376 2.000000
118.762569 258.265510 2.000000
118.720063 264.860019 2.000000
117.634124 261.565004 2.000000
119.600989 259.184121 2.000000
116.042702 258.249896 2.000000
116.572438 261.229230 2.000000
111.218675 265.391112 2.000000
112.634374 253.739201 2.000000
108.838804 253.126912 2.000000
115.300489 259.933525 2.000000
119.829868 261.982636 2.000000
115.929770 258.611405 2.000000
115.362194 259.720476 2.000000
118.463639 266.187585 2.000000
117.313013 261.223006 2.000000
118.990294 263.915203 2.000000
120.432523 261.466898 2.000000
117.006479 260.042193 2.000000
117.458419 259.509930 2.000000
113.336154 260.644760 2.000000
116.707474 262.532193 2.000000
115.926906 259.825915 2.000000
119.793593 259.795205 2.000000
112.716923 260.590820 2.000000
112.872890 261.083560 2.000000
118.258399 258.124464 2.000000
113.981216 259.653444 2.000000
112.981221 266.503053 2.000000
116.118341 252.434640 2.000000
121.011275 260.787832 2.000000
115.935978 262.604564 2.000000
117.364476 258.635787 2.000000
116.164017 256.446620 2.000000
118.124358 256.342826 2.000000
113.736626 257.694812 2.000000
114.844291 255.528382 2.000000
112.172276 255.855278 2.000000
114.003067 264.237418 2.000000
112.480229 258.712223 2.000000
116.256345 263.514484 2.000000
116.656458 260.574389 2.000000
115.089105 258.582868 2.000000
115.261272 257.420323 2.000000
112.470229 253.110269 2.000000
120.648313 261.606173 2.000000
114.149283 258.220138 2.000000
118.266333 259.434311 2.000000
116.588778 260.792348 2.000000
115.016821 256.406699 2.000000
110.703754 257.169267 2.000000
115.704416 260.166745 2.000000
120.925855 260.124853 2.000000
114.598713 263.077917 2.000000
115.051563 254.685393 2.000000
114.957906 256.227352 2.000000
116.296002 252.442148 2.000000
117.627798 260.570209 2.000000
115.082306 256.645365 2.000000
116.237501 256.639352 2.000000
113.114293 255.410388 2.000000
119.925687 265.190013 2.000000
111.288261 260.725109 2.000000
121.167365 257.283837 2.000000
113.449068 256.422268 2.000000
114.268326 258.134227 2.000000
118.565159 259.807119 2.000000
120.609912 257.407079 2.000000
116.457721 257.708383 2.000000
111.854269 259.264406 2.000000
114.227236 256.739719 2.000000
118.141360 257.227695 2.000000
119.663981 260.607644 2.000000
117.985783 252.865018 2.000000
116.227168 253.609887 2.000000
113.746229 258.493380 2.000000
114.166801 255.048853 2.000000
113.808297 257.061979 2.000000
116.064365 259.167801 2.000000
111.391033 254.262619 2.000000
111.925719 259.063917 2.000000
116.987418 257.522814 2.000000
112.024334 262.158236 2.000000
114.153674 255.646105 2.000000
114.428765 260.334753 2.000000
115.676982 252.316042 2.000000
114.620488 254.548115 2.000000
113.632233 256.863480 2.000000
116.324392 257.197833 2.000000
122.524641 254.990287 2.000000
116.916766 258.481501 2.000000
118.148179 254.358718 2.000000
111.838323 263.823339 2.000000
116.191577 254.308477 2.000000
118.470893 258.169919 2.000000
109.904074 253.413224 2.000000
108.349956 255.307520 2.000000
117.206243 255.200219 2.000000
114.632483 261.221121 2.000000
115.784459 256.025914 2.000000
117.867193 253.620832 2.000000
120.392899 254.016402 2.000000
117.031040 256.419584 2.000000
116.097397 264.064065 2.000000
113.489112 256.081996 2.000000
112.299610 262.084786 2.000000
115.353574 260.346232 2.000000
115.381823 260.958592 2.000000
115.796888 262.631773 2.000000
112.839697 258.425693 2.000000
112.326909 260.604094 2.000000
121.114232 257.702209 2.000000
117.791550 256.132845 2.000000
119.619243 258.361774 2.000000
115.726177 259.378775 2.000000
112.782571 259.683319 2.000000
120.623371 257.491005 2.000000
112.041977 257.560615 2.000000
120.380442 259.219280 2.000000
116.916772 258.152298 2.000000
114.717693 257.091827 2.000000
120.261227 255.609055 2.000000
115.722321 256.441265 2.000000
117.893464 263.524965 2.000000
119.292286 254.961159 2.000000
118.263532 254.430055 2.000000
119.961551 252.647206 2.000000
116.515002 254.522422 2.000000
119.512971 258.268578 2.000000
115.615847 255.379893 2.000000
116.705468 254.397943 2.000000
117.201732 252.642160 2.000000
119.963107 260.218878 2.000000
111.125819 249.904149 2.000000
112.306131 253.220524 2.000000
116.977394 258.648257 2.000000
114.421106 256.949565 2.000000
117.292064 251.615746 2.000000
114.700592 254.334878 2.000000
116.329658 252.874047 2.000000
114.919508 260.540399 2.000000
113.878127 257.068072 2.000000
112.744550 257.455358 2.000000
114.780501 261.214646 2.000000
119.076970 252.234859 2.000000
112.540718 248.474882 2.000000
120.122163 257.306862 2.000000
112.808583 250.866580 2.000000
113.923070 252.630676 2.000000
114.011166 253.598206 2.000000
111.322095 255.934777 2.000000
112.945015 253.996848 2.000000
116.049497 260.063322 2.000000
110.707416 257.833819 2.000000
114.678396 252.877507 2.000000
110.214969 260.793751 2.000000
112.168729 254.563863 2.000000
121.085701 255.558568 2.000000
119.312474 254.317717 2.000000
113.922735 256.013984 2.000000
114.568088 253.750254 2.000000
113.981484 252.988288 2.000000
118.451010 255.133332 2.000000
118.119239 255.593726 2.000000
118.842827 254.390212 2.000000
115.801809 249.696495 2.000000
116.172311 252.067356 2.000000
112.864025 252.637929 2.000000
109.309401 257.843823 2.000000
113.007499 247.653667 2.000000
115.101289 255.261340 2.000000
112.390182 259.187467 2.000000
115.194513 262.038487 2.000000
115.857610 257.513742 2.000000
117.806482 253.036587 2.000000
113.919620 255.155299 2.000000
115.283762 248.903936 2.000000
115.153352 253.274787 2.000000
114.785716 255.613623 2.000000
114.425553 258.369476 2.000000
120.059554 256.830509 2.000000
113.297864 256.436631 2.000000
115.688613 260.447979 2.000000
111.962031 253.665976 2.000000
118.226368 250.021492 2.000000
115.949227 254.372020 2.000000
112.602233 251.945780 2.000000
117.571091 254.127046 2.000000
112.548218 258.235605 2.000000
111.688395 257.487628 2.000000
113.874730 252.632108 2.000000
111.212042 257.009732 2.000000
119.341911 251.122789 2.000000
115.275391 254.222777 2.000000
114.512674 256.937493 2.000000
120.934486 260.741611 2.000000
112.768598 251.040253 2.000000
112.161846 258.403846 2.000000
112.957748 254.723665 2.000000
113.308716 255.231540 2.000000
118.392136 256.733525 2.000000
113.685676 252.979995 2.000000
117.997991 249.588575 2.000000
113.473626 258.658346 2.000000
116.725941 251.180655 2.000000
118.245238 254.053103 2.000000
117.535880 251.136268 2.000000
111.881351 252.694230 2.000000
116.957287 257.084467 2.000000
115.448622 249.748263 2.000000
117.232900 251.167243 2.000000
115.770930 252.185271 2.000000
113.316544 249.790060 2.000000
118.311626 253.210438 2.000000
112.340440 249.499345 2.000000
115.696486 251.783046 2.000000
114.429557 257.357449 2.000000
117.443511 252.392781 2.000000
111.230360 252.084184 2.000000
113.637465 250.738762 2.000000
111.130584 257.052869 2.000000
119.142041 248.387837 2.000000
117.140344 259.572812 2.000000
114.611900 252.259641 2.000000
114.611023 252.607368 2.000000
111.017607 254.169796 2.000000
120.182691 255.277227 2.000000
107.666049 253.298743 2.000000
116.129810 254.517208 2.000000
115.814099 251.715561 2.000000
114.663709 254.355735 2.000000
117.202020 248.917106 2.000000
112.143333 258.277977 2.000000
116.980361 253.177240 2.000000
116.167079 254.943654 2.000000
114.672151 252.992222 2.000000
112.910347 254.760131 2.000000
116.621930 246.920130 2.000000
121.103448 250.725085 2.000000
120.363114 252.324196 2.000000
116.656797 256.387741 2.000000
111.560442 261.307645 2.000000
117.445637 249.543035 2.000000
112.471994 250.507408 2.000000
106.461226 251.726480 2.000000
118.406305 256.672139 2.000000
111.785841 254.065054 2.000000
118.842389 255.961034 2.000000
114.978261 250.907469 2.000000
119.268771 256.992422 2.000000
117.696737 244.157730 2.000000
113.363395 249.324691 2.000000
119.596739 249.471398 2.000000
111.194858 257.133336 2.000000
115.713856 251.351019 2.000000
112.921529 248.185318 2.000000
118.478166 251.373257 2.000000
110.809069 250.886238 2.000000
116.068839 253.985700 2.000000
113.979090 248.355951 2.000000
112.339034 246.225435 2.000000
116.786894 253.605898 2.000000
115.011214 253.045621 2.000000
115.568002 247.626923 2.000000
117.665404 255.375238 2.000000
112.050325 251.590596 2.000000
116.218217 251.598548 2.000000
113.481953 250.252574 2.000000
114.610221 247.697094 2.000000
116.096389 258.943309 2.000000
118.127224 252.566665 2.000000
113.173392 255.435169 2.000000
110.403015 254.098086 2.000000
114.879803 251.822759 2.000000
114.805739 246.683837 2.000000
119.471381 256.137348 2.000000
114.233704 248.121241 2.000000
114.259414 244.269671 2.000000
117.040346 258.002416 2.000000
116.730655 245.888071 2.000000
109.816530 249.380459 2.000000
117.688693 247.438173 2.000000
111.077152 255.355343 2.000000
117.017883 254.905519 2.000000
112.562011 247.599249 2.000000
117.729084 250.650757 2.000000
122.281251 252.065036 2.000000
110.910063 252.256358 2.000000
113.402476 252.680957 2.000000
121.144241 252.825016 2.000000
117.246791 255.749512 2.000000
114.022081 253.629188 2.000000
111.745594 247.873680 2.000000
115.604424 248.233696 2.000000
112.700294 247.198026 2.000000
120.343274 249.540701 2.000000
113.959492 254.976857 2.000000
113.484331 252.228408 2.000000
109.929295 250.561026 2.000000
109.961736 247.702125 2.000000
118.364091 251.140723 2.000000
112.357359 250.128005 2.000000
112.109612 253.324494 2.000000
118.778255 246.954356 2.000000
116.326115 248.857090 2.000000
116.197660 251.340084 2.000000
116.662034 251.439679 2.000000
113.212349 248.504112 2.000000
112.182631 250.043690 2.000000
117.378684 249.028080 2.000000
116.366164 248.830002 2.000000
114.775650 250.751491 2.000000
115.997817 251.910831 2.000000
116.575724 247.932729 2.000000
112.792766 248.673945 2.000000
114.143213 245.704091 2.000000
113.432618 250.622524 2.000000
111.659566 252.262744 2.000000
115.785028 248.997290 2.000000
116.106929 249.284882 2.000000
111.685337 253.991953 2.000000
113.956102 251.029982 2.000000
112.785585 252.269668 2.000000
107.926496 247.481161 2.000000
117.529326 245.414767 2.000000
116.857791 252.467900 2.000000
115.541673 249.107556 2.000000
109.557710 253.942125 2.000000
116.610990 250.185103 2.000000
115.564734 247.415257 2.000000
110.088986 248.919536 2.000000
116.249140 247.491579 2.000000
112.533963 251.925288 2.000000
110.775835 248.652939 2.000000
120.779066 252.396788 2.000000
118.025378 245.195483 2.000000
121.881443 253.782591 2.000000
111.844119 245.505139 2.000000
116.427293 248.394710 2.000000
113.402879 253.180300 2.000000
118.113562 252.744193 2.000000
118.334421 250.298664 2.000000
115.717927 251.059456 2.000000
114.029478 245.159844 2.000000
113.271385 245.635512 2.000000
114.848186 249.597360 2.000000
114.914209 251.276215 2.000000
108.306777 246.013575 2.000000
112.503884 249.147951 2.000000
115.298677 247.018868 2.000000
114.048904 250.523310 2.000000
115.989120 247.761941 2.000000
117.653569 247.538189 2.000000
113.164287 251.329098 2.000000
116.438729 243.668113 2.000000
115.810873 251.640680 2.000000
109.180442 249.721032 2.000000
112.087581 252.493967 2.000000
106.755680 249.525208 2.000000
112.036534 248.148572 2.000000
115.826284 248.441272 2.000000
113.131274 246.050336 2.000000
116.251578 255.311245 2.000000
113.288876 249.141585 2.000000
120.995260 250.032845 2.000000
114.529534 250.048649 2.000000
117.000021 248.781999 2.000000
115.408135 251.265631 2.000000
113.838740 251.506871 2.000000
118.182299 247.846456 2.000000
109.239058 248.120038 2.000000
115.935321 249.872633 2.000000
114.305789 250.689016 2.000000
111.161882 250.097624 2.000000
117.436182 246.104483 2.000000
114.902688 248.431444 2.000000
118.235204 245.803344 2.000000
112.727079 244.791060 2.000000
114.968645 252.400109 2.000000
113.375914 241.714866 2.000000
109.864502 251.796481 2.000000
112.863185 246.228113 2.000000
113.920577 248.344122 2.000000
113.732312 248.317749 2.000000
116.201934 245.505756 2.000000
111.179989 250.166982 2.000000
111.790325 248.555872 2.000000
118.470201 252.275736 2.000000
116.182391 244.047063 2.000000
112.294011 245.320440 2.000000
116.042262 248.488009 2.000000
120.221295 244.933801 2.000000
113.660053 245.713997 2.000000
106.504504 249.475253 2.000000
115.558573 249.737502 2.000000
119.123462 246.915379 2.000000
113.589141 244.800572 2.000000
113.064789 243.858349 2.000000
115.789304 247.967457 2.000000
113.281514 248.795427 2.000000
113.269352 251.604519 2.000000
120.893798 250.720723 2.000000
117.234110 251.222216 2.000000
115.918284 245.911700 2.000000
113.986441 245.040971 2.000000
113.159009 246.766272 2.000000
114.126237 250.456852 2.000000
113.913744 250.056334 2.000000
117.001747 243.160653 2.000000
111.294474 251.389950 2.000000
115.928261 251.702154 2.000000
114.999941 245.694121 2.000000
116.733018 246.501452 2.000000
113.365134 250.858187 2.000000
118.464148 246.276023 2.000000
115.844119 244.165051 2.000000
113.534040 250.143238 2.000000
115.919322 250.364992 2.000000
110.481456 246.766429 2.000000
113.702355 246.475303 2.000000
117.442988 249.747963 2.000000
114.050941 250.220419 2.000000
112.031333 246.370091 2.000000
121.468044 247.427599 2.000000
116.816109 245.862889 2.000000
111.003932 242.442634 2.000000
113.777511 244.422911 2.000000
112.198718 245.709881 2.000000
114.781814 247.094920 2.000000
115.347274 243.900660 2.000000
112.220842 246.604563 2.000000
114.745391 250.114901 2.000000
112.983084 245.119805 2.000000
115.286283 242.937675 2.000000
121.564054 250.741056 2.000000
115.915371 251.637097 2.000000
111.059165 248.654006 2.000000
115.270717 243.426008 2.000000
118.948291 254.194731 2.000000
115.857355 243.476719 2.000000
114.426250 250.347644 2.000000
111.605757 245.861171 2.000000
109.570197 243.744396 2.000000
116.014674 244.046033 2.000000
116.127192 246.963283 2.000000
114.322978 246.221436 2.000000
113.298720 249.069774 2.000000
113.456861 245.403991 2.000000
116.951295 250.667571 2.000000
118.190394 248.763377 2.000000
108.289940 247.644267 2.000000
109.600761 245.879457 2.000000
118.144881 247.418734 2.000000
119.893315 242.266925 2.000000
115.297336 249.155723 2.000000
115.159889 246.516761 2.000000
115.996523 241.086529 2.000000
115.750720 247.208068 2.000000
111.835760 246.339847 2.000000
113.042461 246.003554 2.000000
121.750796 239.943834 2.000000
109.428827 248.273045 2.000000
110.097863 240.031701 2.000000
113.411008 245.367078 2.000000
115.134187 241.438585 2.000000
121.773145 244.900691 2.000000
113.118918 245.800100 2.000000
109.975070 247.049418 2.000000
112.093449 245.881027 2.000000
113.543694 245.798460 2.000000
113.648415 249.212445 2.000000
112.028703 248.871157 2.000000
116.383064 239.377103 2.000000
119.031476 250.614498 2.000000
116.628041 250.606586 2.000000
115.040976 244.894537 2.000000
118.471570 243.661243 2.000000
115.948639 248.765435 2.000000
112.948063 243.276032 2.000000
116.997286 242.733532 2.000000
113.263578 246.665038 2.000000
117.032395 245.740936 2.000000
119.129194 252.418585 2.000000
118.851472 247.858426 2.000000
115.132876 244.031712 2.000000
116.156731 242.219646 2.000000
112.074600 245.379929 2.000000
113.631199 242.645802 2.000000
113.104046 241.972200 2.000000
111.590612 240.376279 2.000000
114.818470 242.887420 2.000000
115.014479 245.160275 2.000000
111.152357 245.310064 2.000000
112.272840 240.897726 2.000000
116.623069 245.675277 2.000000
114.676762 242.809811 2.000000
113.021912 243.153196 2.000000
115.865563 248.141224 2.000000
118.060972 242.587547 2.000000
109.262871 246.283469 2.000000
110.855417 242.404326 2.000000
113.952774 240.211860 2.000000
112.961668 245.044470 2.000000
113.627518 238.566561 2.000000
116.869486 240.259859 2.000000
113.805572 240.896533 2.000000
115.466389 243.078529 2.000000
120.667067 246.780234 2.000000
117.601844 241.828724 2.000000
112.177762 246.340870 2.000000
116.495362 246.190275 2.000000
114.996732 249.068663 2.000000
116.764298 244.384933 2.000000
115.237831 240.776556 2.000000
114.463793 244.766400 2.000000
109.614228 245.121285 2.000000
110.081949 241.672386 2.000000
115.447230 243.067527 2.000000
115.972662 245.292464 2.000000
111.231930 239.270869 2.000000
113.685343 245.424980 2.000000
113.746593 245.896709 2.000000
110.867147 244.834154 2.000000
115.354264 246.400265 2.000000
115.106372 242.604031 2.000000
111.324129 242.354311 2.000000
113.654999 244.215070 2.000000
120.595270 246.989391 2.000000
110.364486 239.852446 2.000000
114.102398 246.289805 2.000000
112.757999 248.731431 2.000000
120.379891 243.810626 2.000000
118.349310 244.058341 2.000000
111.339568 243.474789 2.000000
115.279215 237.121168 2.000000
117.376382 241.280080 2.000000
117.169973 241.736650 2.000000
115.622871 248.907479 2.000000
108.336972 248.302623 2.000000
115.387046 248.420930 2.000000
116.931349 238.557041 2.000000
115.257976 240.307718 2.000000
114.016592 243.864741 2.000000
111.506805 243.794520 2.000000
113.786640 242.671669 2.000000
115.804409 240.284458 2.000000
112.976963 240.917761 2.000000
115.197301 245.094939 2.000000
112.472669 242.511025 2.000000
116.380388 245.543985 2.000000
124.055585 240.073743 2.000000
114.366014 240.035798 2.000000
115.047223 248.452675 2.000000
114.569433 240.807502 2.000000
114.554986 246.043230 2.000000
115.739575 239.248487 2.000000
111.482852 243.305603 2.000000
112.951618 244.592540 2.000000
111.923775 239.755749 2.000000
111.677612 242.765176 2.000000
111.092782 242.213284 2.000000
111.973325 238.749819 2.000000
121.186566 241.693073 2.000000
114.831208 235.041256 2.000000
116.967746 238.030523 2.000000
114.953719 241.545486 2.000000
116.878330 236.033621 2.000000
113.719391 241.128029 2.000000
114.775957 248.808941 2.000000
109.996576 241.210303 2.000000
113.693557 241.808862 2.000000
112.110068 240.752980 2.000000
116.113536 236.033066 2.000000
118.209190 238.761635 2.000000
119.082177 239.267908 2.000000
117.767723 247.695406 2.000000
116.811715 240.053881 2.000000
115.630577 246.885102 2.000000
112.731168 243.050965 2.000000
109.539802 239.897992 2.000000
110.122163 232.556744 2.000000
111.442176 241.257719 2.000000
111.612848 241.528814 2.000000
111.210402 241.580279 2.000000
116.071632 241.948611 2.000000
114.696041 237.686873 2.000000
114.042855 238.528632 2.000000
111.266394 244.818584 2.000000
116.435875 241.317958 2.000000
117.091397 241.450081 2.000000
115.567660 247.041489 2.000000
110.546138 239.341430 2.000000
116.307016 243.437090 2.000000
112.920983 239.495090 2.000000
114.831452 241.701455 2.000000
115.877814 235.179325 2.000000
114.920819 239.728340 2.000000
109.976860 237.480832 2.000000
114.077531 238.168843 2.000000
115.730485 242.373476 2.000000
115.690849 239.635364 2.000000
112.036763 238.869024 2.000000
114.847149 241.092645 2.000000
113.416176 240.450475 2.000000
111.224796 235.740190 2.000000
117.417502 241.829240 2.000000
111.264141 242.243651 2.000000
110.732924 237.105251 2.000000
113.013662 240.344261 2.000000
115.914273 240.508758 2.000000
113.487176 241.068683 2.000000
113.534730 233.208872 2.000000
111.783657 243.466777 2.000000
115.859043 237.707618 2.000000
110.398065 238.277779 2.000000
117.929342 235.970869 2.000000
117.369522 236.271761 2.000000
112.729948 242.187298 2.000000
113.347508 240.008997 2.000000
111.940657 241.901260 2.000000
121.042675 239.098338 2.000000
113.436938 240.620459 2.000000
117.599359 238.648989 2.000000
109.495300 241.591078 2.000000
114.571788 240.936829 2.000000
114.092703 241.827515 2.000000
116.983447 237.455376 2.000000
117.220577 242.614180 2.000000
111.700639 238.458256 2.000000
111.726381 240.125662 2.000000
111.729608 239.089882 2.000000
115.102736 234.622772 2.000000
114.999971 237.916845 2.000000
114.100114 240.107352 2.000000
113.508322 237.014140 2.000000
115.162095 242.366783 2.000000
106.601431 238.548940 2.000000
113.377462 243.303902 2.000000
121.329943 242.764716 2.000000
115.042423 240.556377 2.000000
117.511962 244.168021 2.000000
116.986534 241.429121 2.000000
112.717506 246.391129 2.000000
115.799236 234.440625 2.000000
110.440043 239.809427 2.000000
116.639230 236.265210 2.000000
109.926798 244.374449 2.000000
110.429362 240.117145 2.000000
109.668867 236.029879 2.000000
114.098285 244.105385 2.000000
110.505646 235.733281 2.000000
113.561259 237.021052 2.000000
116.691712 238.112150 2.000000
105.365142 237.507206 2.000000
113.655039 238.953444 2.000000
114.605725 239.340321 2.000000
113.798000 240.715388 2.000000
113.956055 238.260012 2.000000
114.329411 234.653161 2.000000
122.197451 238.275374 2.000000
118.673759 241.465942 2.000000
116.433877 243.400347 2.000000
115.811926 242.623490 2.000000
117.484359 238.463649 2.000000
111.660026 235.538205 2.000000
116.864423 240.917290 2.000000
113.541614 239.579609 2.000000
117.005662 237.779078 2.000000
116.228510 234.173828 2.000000
115.415381 234.588672 2.000000
111.256784 232.885980 2.000000
110.851102 243.103765 2.000000
113.944607 235.778464 2.000000
115.814364 239.445094 2.000000
115.399044 242.765636 2.000000
115.744602 240.559134 2.000000
110.945937 241.973559 2.000000
118.231037 238.835126 2.000000
120.519985 239.188436 2.000000
113.699438 237.475484 2.000000
111.432744 234.484277 2.000000
115.081478 238.340898 2.000000
115.030383 240.444833 2.000000
110.856106 239.715888 2.000000
111.732552 237.665067 2.000000
114.468178 236.116890 2.000000
118.019037 236.872648 2.000000
113.026923 234.616262 2.000000
112.192979 237.008160 2.000000
116.146505 245.302775 2.000000
113.658860 237.635910 2.000000
120.043838 236.882495 2.000000
112.685739 241.292560 2.000000
110.873956 242.213121 2.000000
112.380570 239.356060 2.000000
115.039746 238.919242 2.000000
116.831995 237.442402 2.000000
116.626366 242.413569 2.000000
111.029860 236.312773 2.000000
112.983986 232.386996 2.000000
117.609667 236.815654 2.000000
116.575346 234.666139 2.000000
114.358109 235.371199 2.000000
108.557549 235.325528 2.000000
114.211814 235.704680 2.000000
110.177098 233.232990 2.000000
116.886896 238.372289 2.000000
111.558663 234.166848 2.000000
109.328541 236.178055 2.000000
118.020640 236.361610 2.000000
111.296066 235.073787 2.000000
117.791271 239.503372 2.000000
113.373059 232.399607 2.000000
112.930867 238.566542 2.000000
112.329626 233.093860 2.000000
120.434176 238.628270 2.000000
113.353580 235.184533 2.000000
111.349274 235.345455 2.000000
120.617295 231.327861 2.000000
116.646654 238.095765 2.000000
112.591147 233.912859 2.000000
114.056476 231.063969 2.000000
114.939081 239.490338 2.000000
111.357326 241.791858 2.000000
115.005805 238.140380 2.000000
115.703298 239.720339 2.000000
114.148698 236.674748 2.000000
109.151130 235.558957 2.000000
114.763275 238.328991 2.000000
114.367346 233.190052 2.000000
117.881032 237.031822 2.000000
112.966649 240.056575 2.000000
113.675051 239.183909 2.000000
116.949058 232.312293 2.000000
116.675160 238.278434 2.000000
112.478545 236.639388 2.000000
115.610390 244.037501 2.000000
114.289815 238.994996 2.000000
117.847432 236.857902 2.000000
111.824177 237.777713 2.000000
113.320767 235.593573 2.000000
115.832823 237.453520 2.000000
112.960495 231.880310 2.000000
115.994088 237.865630 2.000000
115.143273 236.448236 2.000000
119.946527 233.031058 2.000000
116.119226 235.531518 2.000000
108.076108 236.714395 2.000000
115.553383 237.002312 2.000000
116.731475 238.396459 2.000000
115.891955 234.414255 2.000000
112.645365 231.529259 2.000000
111.926754 235.435097 2.000000
114.431114 239.816565 2.000000
115.368313 234.189876 2.000000
112.719780 238.126116 2.000000
112.875133 236.194366 2.000000
111.607358 239.319273 2.000000
115.776567 237.869928 2.000000
112.272243 233.148048 2.000000
114.733956 232.743704 2.000000
114.265751 239.013160 2.000000
119.332183 232.597292 2.000000
113.276611 231.844566 2.000000
110.573884 234.968099 2.000000
114.329302 235.323304 2.000000
109.535187 234.087420 2.000000
106.568354 236.262590 2.000000
110.481117 233.443711 2.000000
118.183189 232.732568 2.000000
113.494089 232.293783 2.000000
113.600069 235.255758 2.000000
112.773794 236.240981 2.000000
114.412589 238.452492 2.000000
105.970553 233.538983 2.000000
111.599169 235.752214 2.000000
111.739998 233.593654 2.000000
108.677279 236.141756 2.000000
112.886798 237.772736 2.000000
116.283651 230.685821 2.000000
117.358184 233.369208 2.000000
116.489304 234.275396 2.000000
108.409903 235.728874 2.000000
111.927753 235.420254 2.000000
111.327425 236.962478 2.000000
114.355881 234.852828 2.000000
110.229495 223.442436 2.000000
115.156746 235.020183 2.000000
115.785096 236.956473 2.000000
113.318651 238.026849 2.000000
114.189935 231.094380 2.000000
112.987578 233.957653 2.000000
112.973164 233.438858 2.000000
116.020434 234.465452 2.000000
115.790275 235.969588 2.000000
111.347963 235.570944 2.000000
114.252108 237.096652 2.000000
117.238064 237.025283 2.000000
111.745553 233.431142 2.000000
112.804885 232.133994 2.000000
111.417521 237.158143 2.000000
110.686607 230.928238 2.000000
114.128864 239.084274 2.000000
112.058447 233.305948 2.000000
117.384252 240.815619 2.000000
113.937405 236.231841 2.000000
114.079562 233.415423 2.000000
110.971049 231.046997 2.000000
118.051875 236.257864 2.000000
115.237390 240.458053 2.000000
113.318416 232.532373 2.000000
116.795420 234.055089 2.000000
108.459760 238.780362 2.000000
114.607096 231.588793 2.000000
121.351901 228.195188 2.000000
113.256031 230.867414 2.000000
111.549906 227.260535 2.000000
114.657364 233.939135 2.000000
115.798986 239.114446 2.000000
118.723096 235.754175 2.000000
115.029291 233.948612 2.000000
113.793389 230.759018 2.000000
111.864807 229.951048 2.000000
111.924303 235.705159 2.000000
110.742822 232.676587 2.000000
111.655368 230.380767 2.000000
113.866124 234.308184 2.000000
113.708558 237.385502 2.000000
120.808595 236.382677 2.000000
116.580303 232.705409 2.000000
117.916419 235.938874 2.000000
111.293379 231.324139 2.000000
111.021122 228.397977 2.000000
111.858753 230.240320 2.000000
114.338107 233.658496 2.000000
113.636410 238.963226 2.000000
113.051236 225.780939 2.000000
114.678451 230.265717 2.000000
114.348384 233.114274 2.000000
112.905773 231.122814 2.000000
111.677085 232.362799 2.000000
112.783305 236.517607 2.000000
115.213199 236.403979 2.000000
113.949277 234.594931 2.000000
115.619862 237.391028 2.000000
113.605235 233.742530 2.000000
112.315759 230.498609 2.000000
114.314480 233.191398 2.000000
117.470264 232.350322 2.000000
112.722850 231.140693 2.000000
107.112309 232.415883 2.000000
112.992522 232.506320 2.000000
114.696810 230.682380 2.000000
114.650188 233.738240 2.000000
111.899584 230.653123 2.000000
110.190260 234.938931 2.000000
116.544013 237.224877 2.000000
111.969340 242.067167 2.000000
117.020755 237.329358 2.000000
116.885788 229.996119 2.000000
114.433567 226.751461 2.000000
112.758789 230.482982 2.000000
118.172308 230.700059 2.000000
118.259824 234.201579 2.000000
105.855917 237.552776 2.000000
115.454322 227.773641 2.000000
114.672744 232.318853 2.000000
113.228311 224.605921 2.000000
117.116501 231.845270 2.000000
112.379444 233.011197 2.000000
113.111722 229.510293 2.000000
113.854292 227.378788 2.000000
109.163829 228.516997 2.000000
108.175144 226.914679 2.000000
111.526971 234.792238 2.000000
115.227290 228.958503 2.000000
109.132955 228.074065 2.000000
118.727278 226.193463 2.000000
116.141819 234.944959 2.000000
111.922778 224.964080 2.000000
115.940043 233.046071 2.000000
113.525996 229.772501 2.000000
109.317572 227.467692 2.000000
111.578018 227.311086 2.000000
110.138326 230.762460 2.000000
116.882270 233.469772 2.000000
110.896339 229.979529 2.000000
113.172038 229.764265 2.000000
111.936386 233.312666 2.000000
109.100725 229.526064 2.000000
118.181926 229.536197 2.000000
112.802096 228.989419 2.000000
114.709710 231.762631 2.000000
118.378841 226.971773 2.000000
112.360676 229.204987 2.000000
113.803021 232.373540 2.000000
116.061332 234.807558 2.000000
115.467308 230.109964 2.000000
113.741481 230.801825 2.000000
112.390573 233.607731 2.000000
113.766249 236.064912 2.000000
113.445775 228.951352 2.000000
111.072557 229.430546 2.000000
107.625211 231.945229 2.000000
115.470983 229.166526 2.000000
111.679530 232.520614 2.000000
116.038267 230.583171 2.000000
114.222237 227.158579 2.000000
112.353247 229.171864 2.000000
105.830039 228.791104 2.000000
111.442590 232.486449 2.000000
113.871647 229.651962 2.000000
109.228775 231.197343 2.000000
115.282720 227.685356 2.000000
115.693688 234.355733 2.000000
115.686977 231.659173 2.000000
115.315515 224.166086 2.000000
117.496883 234.303367 2.000000
113.023452 230.308359 2.000000
113.621463 229.309360 2.000000
119.652552 232.366068 2.000000
112.935060 227.287221 2.000000
112.384915 227.107649 2.000000
113.418334 229.746277 2.000000
110.016905 225.302322 2.000000
113.575963 229.378458 2.000000
114.009098 228.523204 2.000000
113.443666 228.911996 2.000000
113.327961 225.014887 2.000000
110.790363 233.331059 2.000000
112.850061 227.871586 2.000000
112.277695 229.425482 2.000000
109.662958 224.163139 2.000000
116.951115 227.249030 2.000000
110.922595 227.849483 2.000000
113.063246 232.509128 2.000000
112.489031 232.284124 2.000000
113.308233 230.109111 2.000000
114.758947 229.919837 2.000000
114.398041 224.672121 2.000000
109.456101 226.153970 2.000000
118.669399 230.504056 2.000000
115.304357 228.151445 2.000000
114.474067 225.321252 2.000000
108.104725 230.782054 2.000000
114.731473 222.794295 2.000000
112.381182 226.024670 2.000000
115.469667 234.417130 2.000000
111.705105 224.766217 2.000000
117.152563 228.804324 2.000000
114.738801 229.954480 2.000000
118.475257 228.091357 2.000000
113.175764 224.216260 2.000000
115.032061 232.740627 2.000000
111.495542 224.426512 2.000000
113.902448 234.224076 2.000000
115.063891 225.665359 2.000000
114.191888 224.675952 2.000000
111.648112 230.089229 2.000000
108.738647 229.700942 2.000000
112.204417 230.894505 2.000000
112.271314 233.904925 2.000000
109.676948 221.900652 2.000000
110.222740 232.954557 2.000000
117.212274 229.067227 2.000000
114.455129 225.372538 2.000000
113.478235 226.533418 2.000000
112.220218 228.296111 2.000000
111.693728 231.708386 2.000000
111.715452 226.436115 2.000000
111.317607 230.693539 2.000000
113.777645 226.339682 2.000000
111.257795 224.408487 2.000000
115.937108 225.426578 2.000000
115.644292 231.702751 2.000000
117.038126 222.054128 2.000000
113.440204 235.190167 2.000000
114.347785 224.795833 2.000000
118.648812 230.611848 2.000000
119.241473 227.302399 2.000000
112.065648 226.312636 2.000000
116.857632 225.847627 2.000000
109.791534 223.155979 2.000000
109.905623 227.092144 2.000000
112.326594 230.081469 2.000000
115.935256 230.504243 2.000000
112.877575 224.511467 2.000000
118.427366 229.106315 2.000000
116.285814 228.726420 2.000000
112.452659 226.769294 2.000000
108.437030 223.348385 2.000000
117.238347 225.507963 2.000000
112.416749 227.402102 2.000000
112.392047 225.060114 2.000000
118.239246 227.309271 2.000000
113.654266 230.401889 2.000000
113.481912 229.779326 2.000000
112.076825 225.423378 2.000000
109.358296 227.335313 2.000000
109.705085 227.815422 2.000000
110.982023 229.558076 2.000000
113.974514 231.674650 2.000000
115.272090 229.691654 2.000000
113.159299 230.063410 2.000000
113.075000 227.616237 2.000000
112.129629 227.383099 2.000000
123.630880 225.982390 2.000000
110.611826 228.408111 2.000000
112.715133 227.229130 2.000000
120.520274 225.511007 2.000000
112.841940 224.065806 2.000000
117.105605 225.371653 2.000000
112.991833 222.018307 2.000000
109.138088 229.006249 2.000000
115.155697 228.643012 2.000000
117.746579 229.200655 2.000000
107.507157 221.799954 2.000000
116.230126 220.585002 2.000000
116.578761 225.828992 2.000000
114.004437 229.322659 2.000000
112.743458 224.937618 2.000000
117.121322 223.155607 2.000000
113.508228 232.424683 2.000000
116.544172 223.616770 2.000000
113.772159 225.015153 2.000000
110.521156 224.569547 2.000000
118.809319 226.125650 2.000000
117.071495 231.970749 2.000000
114.283103 226.343046 2.000000
112.623267 221.801070 2.000000
115.626920 224.977187 2.000000
113.088797 227.573356 2.000000
110.012541 225.900971 2.000000
113.868149 228.894494 2.000000
111.952793 229.590552 2.000000
119.294187 228.251897 2.000000
119.670723 231.954795 2.000000
112.075878 228.174917 2.000000
113.021026 226.746434 2.000000
108.083522 224.269332 2.000000
114.596111 224.150597 2.000000
112.128073 228.527840 2.000000
113.022606 223.828975 2.000000
115.068210 222.582463 2.000000
115.708449 226.578542 2.000000
108.145817 227.378154 2.000000
114.770826 227.678479 2.000000
109.652746 226.860334 2.000000
111.081568 226.831282 2.000000
113.616488 229.376539 2.000000
109.201278 226.742499 2.000000
113.691934 224.919903 2.000000
113.061276 225.655212 2.000000
107.431788 225.940862 2.000000
117.660164 223.696259 2.000000
114.722300 220.675352 2.000000
108.752301 224.404404 2.000000
113.823219 228.405834 2.000000
111.899979 224.828987 2.000000
120.313893 228.027602 2.000000
115.405641 226.882791 2.000000
112.593838 226.708848 2.000000
116.362202 225.191009 2.000000
116.475166 229.513551 2.000000
113.306427 220.093764 2.000000
116.668288 225.824433 2.000000
115.558398 224.979970 2.000000
113.612878 227.284683 2.000000
113.524594 226.604862 2.000000
114.651192 231.051256 2.000000
114.630715 221.754797 2.000000
114.040273 221.017630 2.000000
114.656720 221.278917 2.000000
111.663062 224.222460 2.000000
113.111532 225.078776 2.000000
114.328892 227.393052 2.000000
116.591244 229.188382 2.000000
110.191196 228.348054 2.000000
114.857565 221.018370 2.000000
111.357699 224.360317 2.000000
114.042617 223.223070 2.000000
114.265858 226.482663 2.000000
111.139338 220.709300 2.000000
110.400670 224.656534 2.000000
112.298796 223.224296 2.000000
112.013838 221.492698 2.000000
110.145017 223.615668 2.000000
120.747166 223.129934 2.000000
108.640187 226.580755 2.000000
116.420405 224.304410 2.000000
112.429859 226.535241 2.000000
116.069009 221.623656 2.000000
109.886961 226.561629 2.000000
113.818894 224.756970 2.000000
114.332930 223.488160 2.000000
114.998145 226.485592 2.000000
113.046439 227.431778 2.000000
115.289743 225.015210 2.000000
108.878749 227.071864 2.000000
115.009372 220.863993 2.000000
118.663367 225.427129 2.000000
114.947836 224.347865 2.000000
110.094138 224.160177 2.000000
118.047229 221.106729 2.000000
110.859304 221.828273 2.000000
114.900821 215.790102 2.000000
113.501109 227.142354 2.000000
116.886051 225.641151 2.000000
114.481859 226.207880 2.000000
108.073937 221.945342 2.000000
123.062951 222.336808 2.000000
116.495437 226.555823 2.000000
116.357190 220.987517 2.000000
114.207916 221.654608 2.000000
116.654145 227.844377 2.000000
115.569914 225.177391 2.000000
114.734523 221.526402 2.000000
114.289617 223.728106 2.000000
115.150755 220.053344 2.000000
116.146704 224.422001 2.000000
116.317749 221.533885 2.000000
115.091307 226.932999 2.000000
114.985717 222.212817 2.000000
110.297070 219.703192 2.000000
120.282553 220.637443 2.000000
113.723938 223.094164 2.000000
116.115740 224.305975 2.000000
110.991396 223.734209 2.000000
111.914736 227.838331 2.000000
116.455848 223.062649 2.000000
113.018648 231.681929 2.000000
110.847020 226.155373 2.000000
115.431039 231.068664 2.000000
118.268290 225.051037 2.000000
115.689147 225.396314 2.000000
112.361101 219.218877 2.000000
112.685088 220.672331 2.000000
111.956814 227.916075 2.000000
114.558540 227.974809 2.000000
111.815549 222.953125 2.000000
106.669635 220.070584 2.000000
115.115582 222.010068 2.000000
116.021511 222.911588 2.000000
119.099278 224.199465 2.000000
117.974394 225.477217 2.000000
114.736277 222.012161 2.000000
112.527485 223.168464 2.000000
113.958143 219.200808 2.000000
107.052440 220.412570 2.000000
116.720269 222.937076 2.000000
112.410210 221.764546 2.000000
113.463281 226.149764 2.000000
114.717787 220.853235 2.000000
117.349303 223.288231 2.000000
116.298320 218.811031 2.000000
111.327993 218.824714 2.000000
109.991530 225.022857 2.000000
108.950035 222.802721 2.000000
111.129385 219.809237 2.000000
115.425411 222.873339 2.000000
111.331351 223.515640 2.000000
113.180671 219.195368 2.000000
117.637799 222.950866 2.000000
115.356942 220.627180 2.000000
108.797088 225.237849 2.000000
114.699912 218.920148 2.000000
114.204630 220.440635 2.000000
115.718494 220.531266 2.000000
116.974986 220.735647 2.000000
111.624874 222.690002 2.000000
111.112948 226.856242 2.000000
116.238680 222.340603 2.000000
112.333427 225.061321 2.000000
112.575709 220.637400 2.000000
115.090714 222.581772 2.000000
111.946262 218.355928 2.000000
114.091201 220.704175 2.000000
117.238941 220.505281 2.000000
114.325299 220.667600 2.000000
115.800370 222.943537 2.000000
113.719631 220.947619 2.000000
109.221432 219.445864 2.000000
115.861978 217.449040 2.000000
115.576506 223.273395 2.000000
116.707430 225.242359 2.000000
113.453201 222.942655 2.000000
111.113034 223.404606 2.000000
111.624995 219.921056 2.000000
111.929445 220.600920 2.000000
109.059622 219.361059 2.000000
115.442307 215.786152 2.000000
111.389383 217.815828 2.000000
120.662966 220.294660 2.000000
121.551841 219.075498 2.000000
113.880737 218.338196 2.000000
116.279347 223.140568 2.000000
112.764372 220.397259 2.000000
110.949392 215.282275 2.000000
116.477191 225.330828 2.000000
114.247515 222.970629 2.000000
108.985732 220.079283 2.000000
110.079029 219.369204 2.000000
108.298654 223.789648 2.000000
111.506396 227.115548 2.000000
114.086064 224.584781 2.000000
111.934284 221.143516 2.000000
113.133282 225.119022 2.000000
110.700664 220.646385 2.000000
112.270702 219.062491 2.000000
111.218262 218.226813 2.000000
114.667534 221.940563 2.000000
116.012183 220.532675 2.000000
118.854097 223.543796 2.000000
112.277402 226.595169 2.000000
111.287354 224.080583 2.000000
112.234805 217.439682 2.000000
114.579573 221.566801 2.000000
109.865919 219.908242 2.000000
111.065557 216.403688 2.000000
110.889538 219.459319 2.000000
114.005960 216.976113 2.000000
110.269812 223.884739 2.000000
114.716292 220.957325 2.000000
110.717428 218.612840 2.000000
114.745869 216.055948 2.000000
107.086591 226.646493 2.000000
117.316056 223.836461 2.000000
116.667320 213.224935 2.000000
113.998547 214.935518 2.000000
116.100020 221.970518 2.000000
111.134747 217.679694 2.000000
107.561422 215.293948 2.000000
109.110274 217.081627 2.000000
115.731089 216.542196 2.000000
116.648954 212.503293 2.000000
116.302567 214.571576 2.000000
113.672342 219.753396 2.000000
112.317717 214.766986 2.000000
112.721979 218.015002 2.000000
116.239317 216.964289 2.000000
109.048380 219.851194 2.000000
115.157396 219.614492 2.000000
118.026487 224.121386 2.000000
112.094301 220.081039 2.000000
118.357815 218.274356 2.000000
112.301003 218.258045 2.000000
112.046036 220.327403 2.000000
108.866754 214.672031 2.000000
115.793808 221.751042 2.000000
111.423623 219.361099 2.000000
115.848348 220.627005 2.000000
111.805872 215.899514 2.000000
111.769660 220.772424 2.000000
112.020486 216.616670 2.000000
117.740659 220.551707 2.000000
108.134433 227.590371 2.000000
116.705467 215.295021 2.000000
109.309963 212.710938 2.000000
115.667146 213.310966 2.000000
108.870100 215.844046 2.000000
111.563994 218.548830 2.000000
115.525610 218.490826 2.000000
109.880838 226.489869 2.000000
115.758943 226.543859 2.000000
111.336262 210.908271 2.000000
111.586124 217.302439 2.000000
115.608508 226.756221 2.000000
116.117254 217.113860 2.000000
114.104331 215.163057 2.000000
110.837643 217.759587 2.000000
115.922301 212.866515 2.000000
114.758486 215.585534 2.000000
108.295014 220.355314 2.000000
114.526810 213.917932 2.000000
115.656888 217.423216 2.000000
114.240339 218.175032 2.000000
114.933148 216.897448 2.000000
114.786699 224.158017 2.000000
115.812061 213.653976 2.000000
114.048810 219.512345 2.000000
112.987071 216.728893 2.000000
106.410637 215.741714 2.000000
116.807916 218.438722 2.000000
105.565566 221.856097 2.000000
111.319387 221.583312 2.000000
110.855574 216.509499 2.000000
116.525060 213.198670 2.000000
114.599338 223.535146 2.000000
119.513586 222.124038 2.000000
110.750337 217.056671 2.000000
115.306000 216.770935 2.000000
121.779670 213.293295 2.000000
106.901787 219.001082 2.000000
118.163753 219.235179 2.000000
114.378408 217.696660 2.000000
113.977290 220.550989 2.000000
114.482295 211.971282 2.000000
113.605391 213.356913 2.000000
113.467549 218.845297 2.000000
114.301120 212.751638 2.000000
116.287600 209.984013 2.000000
111.645000 209.466288 2.000000
115.848074 211.462556 2.000000
111.597969 216.211852 2.000000
118.664447 221.883097 2.000000
113.783598 218.391173 2.000000
113.819035 218.149719 2.000000
116.283614 215.233804 2.000000
112.572693 213.437452 2.000000
113.263336 216.250152 2.000000
119.149704 221.802593 2.000000
115.380556 212.902547 2.000000
114.045968 213.439872 2.000000
113.728049 215.933723 2.000000
113.146741 217.979365 2.000000
110.606072 214.156062 2.000000
116.625903 216.650578 2.000000
110.870063 216.236267 2.000000
113.083009 217.725371 2.000000
109.013271 214.108157 2.000000
113.064876 215.816915 2.000000
115.474162 214.136036 2.000000
112.612926 211.904627 2.000000
112.401754 218.370772 2.000000
119.448932 219.863374 2.000000
114.434327 221.860085 2.000000
120.037907 216.385133 2.000000
114.414181 217.478235 2.000000
112.191288 220.611859 2.000000
110.566879 212.496043 2.000000
107.716235 213.506246 2.000000
113.412954 209.945453 2.000000
111.608728 216.787450 2.000000
116.290892 218.932138 2.000000
109.325003 219.991414 2.000000
111.320485 219.510523 2.000000
115.193221 209.719344 2.000000
107.552038 215.698020 2.000000
112.278087 219.256182 2.000000
117.520778 212.270110 2.000000
112.826118 214.890141 2.000000
118.411958 215.946071 2.000000
115.911392 218.831444 2.000000
118.257217 218.448603 2.000000
115.803850 219.873993 2.000000
111.341817 213.372430 2.000000
113.593847 211.253682 2.000000
114.908769 220.254389 2.000000
115.779301 216.927605 2.000000
116.295786 218.994494 2.000000
113.731110 217.458330 2.000000
118.226260 212.251679 2.000000
112.884862 213.509649 2.000000
114.478621 215.521880 2.000000
115.417452 213.919280 2.000000
118.693016 212.737108 2.000000
115.523754 214.293914 2.000000
116.878095 214.942664 2.000000
115.634273 210.543681 2.000000
111.599923 211.360056 2.000000
118.624297 216.249976 2.000000
117.216852 215.096529 2.000000
116.760894 215.786424 2.000000
115.642353 220.151666 2.000000
114.454065 215.208937 2.000000
114.675622 216.080062 2.000000
116.133583 214.185882 2.000000
113.610374 215.317602 2.000000
120.729295 214.703447 2.000000
117.688495 216.567158 2.000000
116.054179 208.988814 2.000000
111.924104 220.002877 2.000000
108.057671 211.814474 2.000000
113.866184 217.487499 2.000000
108.007975 210.850713 2.000000
109.831835 214.348342 2.000000
110.476649 214.589666 2.000000
111.414953 215.790494 2.000000
115.672912 214.817896 2.000000
111.037800 214.953922 2.000000
113.203784 209.427332 2.000000
116.149314 215.129315 2.000000
113.042280 216.440507 2.000000
117.515462 215.124873 2.000000
115.461312 221.332161 2.000000
114.668241 211.432153 2.000000
115.358914 213.307044 2.000000
111.509342 207.810309 2.000000
116.648038 217.821361 2.000000
115.921079 213.983111 2.000000
111.769882 213.820126 2.000000
112.084545 211.592645 2.000000
113.037229 215.864959 2.000000
118.333480 212.981601 2.000000
117.888081 210.887258 2.000000
112.843400 218.672266 2.000000
113.295486 213.213586 2.000000
114.804650 211.781817 2.000000
112.995038 211.352933 2.000000
116.189018 213.456410 2.000000
116.922693 212.054510 2.000000
115.577954 217.379510 2.000000
109.629527 214.112819 2.000000
121.751213 211.201493 2.000000
109.617182 213.647104 2.000000
122.269891 213.634214 2.000000
115.126801 215.024557 2.000000
112.947645 211.443911 2.000000
108.200083 213.577930 2.000000
118.894353 209.694737 2.000000
116.471423 208.265939 2.000000
112.212440 216.298302 2.000000
119.576721 213.658119 2.000000
113.160546 214.770732 2.000000
105.409658 217.321904 2.000000
115.738996 216.309837 2.000000
111.143041 215.645556 2.000000
112.062954 215.650236 2.000000
113.593089 208.840518 2.000000
107.952391 211.367405 2.000000
107.838961 210.782455 2.000000
114.676273 214.004054 2.000000
109.863606 211.179288 2.000000
118.637668 215.294627 2.000000
113.453572 214.749201 2.000000
112.329178 216.468286 2.000000
116.826001 208.887951 2.000000
116.827307 209.889237 2.000000
117.999931 219.156232 2.000000
115.947147 214.206703 2.000000
114.892598 215.227184 2.000000
112.169302 211.996029 2.000000
116.160734 214.821631 2.000000
112.542891 211.868286 2.000000
112.904615 212.018563 2.000000
111.515905 210.622435 2.000000
115.797327 211.685325 2.000000
113.766938 214.215091 2.000000
114.356788 214.378283 2.000000
116.432446 211.257831 2.000000
114.922518 214.721605 2.000000
116.601167 216.898869 2.000000
117.393703 211.208654 2.000000
112.219959 211.184665 2.000000
113.518567 212.701462 2.000000
115.445886 212.356937 2.000000
112.645690 218.266372 2.000000
113.911449 214.182081 2.000000
114.493040 217.939259 2.000000
116.821555 220.640066 2.000000
115.044842 214.212185 2.000000
114.941723 209.666454 2.000000
115.578869 218.722647 2.000000
114.884426 208.602254 2.000000
114.651170 214.108304 2.000000
111.806462 209.531759 2.000000
116.193706 212.844201 2.000000
116.982909 210.942771 2.000000
114.596513 216.519544 2.000000
118.277008 208.942973 2.000000
116.518261 211.040126 2.000000
114.272333 215.072227 2.000000
111.678352 214.763985 2.000000
113.971841 204.288077 2.000000
114.832184 212.506447 2.000000
112.873950 209.289499 2.000000
111.549484 210.146495 2.000000
121.075671 210.835541 2.000000
112.225933 208.781343 2.000000
113.181583 210.356769 2.000000
112.511018 211.505908 2.000000
115.781814 208.163031 2.000000
115.538047 213.155014 2.000000
106.904634 204.636458 2.000000
115.260834 212.927398 2.000000
115.935511 210.967727 2.000000
115.026239 214.916709 2.000000
117.108488 216.819630 2.000000
110.664048 208.718878 2.000000
111.413158 216.276494 2.000000
114.452326 208.554886 2.000000
119.628152 211.830489 2.000000
106.167561 206.303049 2.000000
114.295345 212.060444 2.000000
121.211479 211.394175 2.000000
117.999113 211.400226 2.000000
117.137480 209.900427 2.000000
115.612726 214.042381 2.000000
118.409927 211.426158 2.000000
113.795321 210.923648 2.000000
119.255661 211.383450 2.000000
116.636323 211.630334 2.000000
116.130478 212.341341 2.000000
115.058361 208.404632 2.000000
116.638524 211.792328 2.000000
112.405791 211.492717 2.000000
114.004653 212.144048 2.000000
111.281101 214.710992 2.000000
109.794220 212.789732 2.000000
118.181469 210.439213 2.000000
112.548233 207.931087 2.000000
113.563817 212.292648 2.000000
112.260330 206.241800 2.000000
116.616193 214.037874 2.000000
107.484211 211.048160 2.000000
110.988374 209.547726 2.000000
108.294933 210.624679 2.000000
115.559653 208.690796 2.000000
116.780199 206.693305 2.000000
116.791384 208.651791 2.000000
116.396711 211.060328 2.000000
107.231842 212.270599 2.000000
112.442089 206.371800 2.000000
115.107286 210.161566 2.000000
110.967146 213.646291 2.000000
114.614301 213.000213 2.000000
112.264230 215.090734 2.000000
115.013273 209.393405 2.000000
113.629248 210.733923 2.000000
117.477674 212.668958 2.000000
118.069987 214.178578 2.000000
115.152631 209.371326 2.000000
114.528020 208.866228 2.000000
112.352372 214.700124 2.000000
111.064139 207.150347 2.000000
115.585629 210.938064 2.000000
106.600090 210.001297 2.000000
112.715534 209.597718 2.000000
118.871380 207.339166 2.000000
110.653272 204.817591 2.000000
117.297627 214.238526 2.000000
110.968469 205.806229 2.000000
111.357322 212.504498 2.000000
112.394378 208.515995 2.000000
118.325278 209.175044 2.000000
113.266006 209.287745 2.000000
114.015617 210.952584 2.000000
114.437148 208.903297 2.000000
116.598640 204.286231 2.000000
117.009418 211.819187 2.000000
111.259152 212.281038 2.000000
117.986391 210.616478 2.000000
117.606346 208.745293 2.000000
115.911564 214.558399 2.000000
117.893414 208.351789 2.000000
115.471822 207.763774 2.000000
117.124790 211.184226 2.000000
111.753478 211.843882 2.000000
117.142118 206.877074 2.000000
113.833479 214.726729 2.000000
112.274890 206.879709 2.000000
119.318197 210.331770 2.000000
108.940205 208.077060 2.000000
118.823507 212.647207 2.000000
115.798552 204.683694 2.000000
113.342542 206.482690 2.000000
112.380608 211.815228 2.000000
115.591928 210.685461 2.000000
118.503381 208.165519 2.000000
110.875014 204.038989 2.000000
113.580899 214.119460 2.000000
118.767387 213.052377 2.000000
110.786962 206.253044 2.000000
111.962513 209.828070 2.000000
115.448244 205.407656 2.000000
114.508710 205.671830 2.000000
119.406044 210.198410 2.000000
119.282271 211.872699 2.000000
113.512937 209.168263 2.000000
110.850069 210.010435 2.000000
117.312440 207.044022 2.000000
116.289574 210.966466 2.000000
108.903410 211.348081 2.000000
112.402527 212.073204 2.000000
109.292893 209.566698 2.000000
115.019611 206.185722 2.000000
113.899607 212.318817 2.000000
111.491777 207.030016 2.000000
114.567962 212.923835 2.000000
110.978308 206.285829 2.000000
117.359057 209.523591 2.000000
112.117664 205.843570 2.000000
117.976614 209.499491 2.000000
115.555531 209.406389 2.000000
112.703024 206.692504 2.000000
113.394852 204.754459 2.000000
119.455108 206.071197 2.000000
113.069589 204.105067 2.000000
113.065008 212.041037 2.000000
114.400442 204.341937 2.000000
114.627459 214.276542 2.000000
118.472308 207.509592 2.000000
114.542059 202.925762 2.000000
117.663002 207.731017 2.000000
117.713915 207.573179 2.000000
111.519568 209.038570 2.000000
117.199608 207.499419 2.000000
117.551480 216.404355 2.000000
115.115120 212.021272 2.000000
112.823258 206.726185 2.000000
109.280047 212.369185 2.000000
114.681088 207.045178 2.000000
110.831841 206.797253 2.000000
112.763888 204.968676 2.000000
113.383338 208.110076 2.000000
117.225128 204.567162 2.000000
114.671160 208.021490 2.000000
115.793113 205.992554 2.000000
116.681783 203.151585 2.000000
111.222233 207.641660 2.000000
114.764928 207.296140 2.000000
120.171047 204.869479 2.000000
114.728251 205.199196 2.000000
114.335213 205.078235 2.000000
117.285526 205.165862 2.000000
110.167514 204.721540 2.000000
110.133280 205.619326 2.000000
109.196345 210.787425 2.000000
114.618690 204.436046 2.000000
107.363665 203.099921 2.000000
111.034321 206.069044 2.000000
111.174702 205.731493 2.000000
110.484648 210.347355 2.000000
118.537063 205.196624 2.000000
111.205898 201.225405 2.000000
110.812439 208.778160 2.000000
118.283355 203.968401 2.000000
113.646463 206.435133 2.000000
111.392116 207.323141 2.000000
116.897407 209.783511 2.000000
112.646502 204.562841 2.000000
114.775372 207.881318 2.000000
114.317661 208.931292 2.000000
116.237906 205.555619 2.000000
113.156177 209.561614 2.000000
113.011502 201.276715 2.000000
114.719773 199.919164 2.000000
112.483564 205.192488 2.000000
114.262389 210.514663 2.000000
111.878542 201.355315 2.000000
118.344164 208.933910 2.000000
114.282440 206.625617 2.000000
113.028165 205.762507 2.000000
108.344990 205.021728 2.000000
107.684111 207.439525 2.000000
110.903579 206.139740 2.000000
112.568350 204.295729 2.000000
111.788929 203.921313 2.000000
115.198709 205.263746 2.000000
115.166730 204.904000 2.000000
114.099326 205.868484 2.000000
112.472531 212.110931 2.000000
113.347291 205.530955 2.000000
112.368603 206.294076 2.000000
116.928605 205.747745 2.000000
111.789240 209.455219 2.000000
105.904918 207.354914 2.000000
117.679761 204.081378 2.000000
114.733858 211.388970 2.000000
113.118740 203.378328 2.000000
114.672510 202.282453 2.000000
113.014458 206.595698 2.000000
112.139875 201.462956 2.000000
113.280368 203.942449 2.000000
113.541358 198.430300 2.000000
108.482322 202.345754 2.000000
113.352452 206.132794 2.000000
108.821456 201.151328 2.000000
116.268059 204.139860 2.000000
113.281121 211.885127 2.000000
111.390877 205.910534 2.000000
110.919941 212.465854 2.000000
111.453341 207.687719 2.000000
113.328918 207.765410 2.000000
110.508624 202.174377 2.000000
110.681031 202.782490 2.000000
114.228304 209.656253 2.000000
110.877101 206.930793 2.000000
112.450029 203.581038 2.000000
116.685849 203.437010 2.000000
110.293958 204.841822 2.000000
111.214894 202.943773 2.000000
116.221896 208.190085 2.000000
110.914294 211.159317 2.000000
115.296447 204.709164 2.000000
118.095246 209.404727 2.000000
113.590919 206.448179 2.000000
112.900849 204.328192 2.000000
108.539424 203.829235 2.000000
110.151779 208.227477 2.000000
112.978705 209.849184 2.000000
112.219092 212.805062 2.000000
114.800282 203.169709 2.000000
115.527925 205.172217 2.000000
110.281250 204.480204 2.000000
108.309369 205.761197 2.000000
116.337143 202.821376 2.000000
115.697953 204.414794 2.000000
112.494635 204.355416 2.000000
120.104612 202.278281 2.000000
119.322621 208.590749 2.000000
113.837463 204.022222 2.000000
111.613506 198.181582 2.000000
112.537724 204.403898 2.000000
114.172142 202.208156 2.000000
117.123858 202.006171 2.000000
109.648235 203.439009 2.000000
109.320116 203.322565 2.000000
119.118433 202.234848 2.000000
112.835280 203.919103 2.000000
115.278122 207.440028 2.000000
107.266730 203.916194 2.000000
116.600831 200.661661 2.000000
111.771304 199.669010 2.000000
111.171045 201.212885 2.000000
119.552899 203.414907 2.000000
112.877430 198.549309 2.000000
114.655178 202.411227 2.000000
114.776722 204.556737 2.000000
113.472798 205.414979 2.000000
112.757745 201.301594 2.000000
116.495886 209.096651 2.000000
109.964732 203.667295 2.000000
118.518166 201.505564 2.000000
109.699259 202.736612 2.000000
111.226457 206.616878 2.000000
114.876961 202.697505 2.000000
115.593442 203.406099 2.000000
111.301493 199.649851 2.000000
114.688567 204.690584 2.000000
116.203471 200.088907 2.000000
120.170933 203.673395 2.000000
115.935511 203.990391 2.000000
115.835236 203.049049 2.000000
113.438210 203.297618 2.000000
111.735978 202.991041 2.000000
114.283173 204.886265 2.000000
109.282379 206.515339 2.000000
109.846108 206.658815 2.000000
109.850346 200.330201 2.000000
117.671035 202.786654 2.000000
114.503227 205.007558 2.000000
115.824056 202.629329 2.000000
111.725936 199.209796 2.000000
108.962710 200.579857 2.000000
111.514024 196.905952 2.000000
111.162186 206.913978 2.000000
115.329224 201.653928 2.000000
116.310736 205.831123 2.000000
116.543545 202.433214 2.000000
113.644347 195.903845 2.000000
116.760000 199.704063 2.000000
113.485710 203.807590 2.000000
111.274388 205.872906 2.000000
116.492478 207.652509 2.000000
112.626146 203.602238 2.000000
115.366459 198.353510 2.000000
108.106507 199.508950 2.000000
111.227759 200.450807 2.000000
116.142967 203.681742 2.000000
113.609872 202.957807 2.000000
115.682064 198.725753 2.000000
108.250843 204.362374 2.000000
112.751132 196.474516 2.000000
112.967773 204.823239 2.000000
114.474430 201.946351 2.000000
112.518159 201.747104 2.000000
112.957939 201.667277 2.000000
113.143791 205.762869 2.000000
115.281125 206.327410 2.000000
112.976095 202.132645 2.000000
118.368092 202.732793 2.000000
113.589946 196.800867 2.000000
118.829554 198.320557 2.000000
118.938405 203.486440 2.000000
112.664565 199.731709 2.000000
117.733922 199.877078 2.000000
114.095580 202.191762 2.000000
111.431347 202.448255 2.000000
119.388083 198.516562 2.000000
109.409758 198.252633 2.000000
105.527634 200.906613 2.000000
116.934252 203.292885 2.000000
113.760547 203.574244 2.000000
113.991204 202.252820 2.000000
110.805529 205.289602 2.000000
109.282429 206.888403 2.000000
115.802968 199.261505 2.000000
111.519748 201.166620 2.000000
114.500090 201.047456 2.000000
112.543138 200.726520 2.000000
112.915518 197.400116 2.000000
113.234663 201.388634 2.000000
114.564632 203.715631 2.000000
115.793224 203.070657 2.000000
112.973564 204.343914 2.000000
116.939402 194.656003 2.000000
116.508585 195.679878 2.000000
118.143033 197.128235 2.000000
113.195728 200.870442 2.000000
113.480971 203.985841 2.000000
111.652434 198.675997 2.000000
112.359346 206.480976 2.000000
113.431244 202.210848 2.000000
112.647898 201.089346 2.000000
116.779785 199.397056 2.000000
114.789181 205.227804 2.000000
114.457392 205.589907 2.000000
108.879427 194.885849 2.000000
109.300497 199.318495 2.000000
117.199102 202.181231 2.000000
118.444836 205.039349 2.000000
115.938105 200.451452 2.000000
114.723643 198.516333 2.000000
115.914078 198.955375 2.000000
112.872087 200.450091 2.000000
114.414768 197.543012 2.000000
117.360514 202.147963 2.000000
116.821807 203.437563 2.000000
117.500888 190.892851 2.000000
113.711461 197.959507 2.000000
111.482215 197.407664 2.000000
109.971547 198.808541 2.000000
117.210959 201.478181 2.000000
115.298075 202.919194 2.000000
112.691550 198.323355 2.000000
116.929162 198.381815 2.000000
115.083926 206.058102 2.000000
118.007511 197.719613 2.000000
114.502944 202.328556 2.000000
120.516481 207.997481 2.000000
114.098661 202.431477 2.000000
110.964045 197.907993 2.000000
112.476870 195.660763 2.000000
114.669543 199.004890 2.000000
113.940742 201.541424 2.000000
113.097532 200.297224 2.000000
111.180234 197.593302 2.000000
115.382485 201.669030 2.000000
113.776422 196.686518 2.000000
112.179883 201.623467 2.000000
113.856211 200.655827 2.000000
116.856673 193.956433 2.000000
114.720534 202.155826 2.000000
115.068045 199.875303 2.000000
116.397898 198.157442 2.000000
114.982075 195.316666 2.000000
115.184957 199.952898 2.000000
112.783463 197.882127 2.000000
115.347654 199.229518 2.000000
111.217693 196.102468 2.000000
110.840745 195.789807 2.000000
117.301433 196.223129 2.000000
119.501946 193.663251 2.000000
116.611084 193.892328 2.000000
109.634549 200.209665 2.000000
115.030369 202.404376 2.000000
114.456617 196.041007 2.000000
115.657313 197.023849 2.000000
112.240681 196.690970 2.000000
118.298667 202.225586 2.000000
116.419251 200.507399 2.000000
110.612182 201.678440 2.000000
112.614618 201.882445 2.000000
117.066200 202.272155 2.000000
111.098040 197.143564 2.000000
116.867778 199.086796 2.000000
117.558090 202.373220 2.000000
112.804592 201.404979 2.000000
114.215447 198.002783 2.000000
115.950861 194.821753 2.000000
111.578988 200.894247 2.000000
112.515539 197.923459 2.000000
113.365592 200.138355 2.000000
111.403832 198.721595 2.000000
116.795199 198.833538 2.000000
108.757535 200.489229 2.000000
115.234403 187.440734 2.000000
114.461539 196.602993 2.000000
111.169982 202.461264 2.000000
112.333463 197.207102 2.000000
113.820258 196.856462 2.000000
114.442782 200.008710 2.000000
112.590408 196.968305 2.000000
113.281279 198.396124 2.000000
108.013799 192.638563 2.000000
117.515541 190.061233 2.000000
112.804291 201.117696 2.000000
110.561701 193.560023 2.000000
114.818591 205.150475 2.000000
111.894568 196.802949 2.000000
113.250728 192.114926 2.000000
112.323439 199.970273 2.000000
111.336798 195.964776 2.000000
115.299829 197.395037 2.000000
111.974891 195.716855 2.000000
109.677456 202.219207 2.000000
111.741152 202.548316 2.000000
110.353885 195.205223 2.000000
119.852370 191.103650 2.000000
116.599131 201.982046 2.000000
118.333396 191.248405 2.000000
113.586428 200.561977 2.000000
111.361098 200.699612 2.000000
116.463535 200.879935 2.000000
109.970186 199.045898 2.000000
111.453772 194.743959 2.000000
112.660845 196.460727 2.000000
112.089870 198.427812 2.000000
111.899195 202.670307 2.000000
115.088839 192.606618 2.000000
115.185564 198.306391 2.000000
108.210950 195.960247 2.000000
115.111786 196.188031 2.000000
110.095160 196.186645 2.000000
115.598049 202.935165 2.000000
111.274636 196.675740 2.000000
116.928836 196.397148 2.000000
113.211843 189.549127 2.000000
111.704518 196.304062 2.000000
117.365669 205.692722 2.000000
117.662454 202.635584 2.000000
117.073098 196.381010 2.000000
116.032706 201.200628 2.000000
112.868554 197.566533 2.000000
115.146774 198.825543 2.000000
122.306073 192.522705 2.000000
110.877891 194.169281 2.000000
111.428918 196.209387 2.000000
114.211725 198.756090 2.000000
108.729747 194.425591 2.000000
117.842394 198.704549 2.000000
114.718705 198.170243 2.000000
116.092133 195.620264 2.000000
117.184454 195.878553 2.000000
109.095162 195.749611 2.000000
113.240817 195.397176 2.000000
114.269063 191.186433 2.000000
114.005582 196.990742 2.000000
112.210771 197.399843 2.000000
116.024153 195.185273 2.000000
111.936439 191.952005 2.000000
115.913816 194.369019 2.000000
114.377460 194.060378 2.000000
113.816737 194.058876 2.000000
114.137629 198.395831 2.000000
115.281793 192.935357 2.000000
110.642373 197.641623 2.000000
111.870951 195.010758 2.000000
110.288919 197.602648 2.000000
114.972855 193.530217 2.000000
112.244564 203.301679 2.000000
118.390966 199.774539 2.000000
108.605241 196.069325 2.000000
117.514354 197.385719 2.000000
116.145897 194.236129 2.000000
115.850586 196.788850 2.000000
113.814754 196.852082 2.000000
118.760482 195.335777 2.000000
115.504210 194.359659 2.000000
113.068655 196.276196 2.000000
116.154723 196.069710 2.000000
107.929041 194.940452 2.000000
115.988886 194.551302 2.000000
117.696200 189.205223 2.000000
109.642472 196.248859 2.000000
113.941664 191.299893 2.000000
118.024217 189.905443 2.000000
111.836896 195.697805 2.000000
110.656138 203.186651 2.000000
114.028043 194.949938 2.000000
110.755943 198.333594 2.000000
114.676398 193.903118 2.000000
112.445310 192.209369 2.000000
112.210503 189.216897 2.000000
117.749826 193.280089 2.000000
116.870350 195.704880 2.000000
107.583997 200.506441 2.000000
110.182449 196.900136 2.000000
115.266501 193.852013 2.000000
115.324398 194.120259 2.000000
113.043978 193.722126 2.000000
113.921703 186.801908 2.000000
117.557217 187.483843 2.000000
114.583386 200.319199 2.000000
112.495340 197.992361 2.000000
110.676235 192.494586 2.000000
118.791932 191.292193 2.000000
112.098279 201.105236 2.000000
112.132595 194.928743 2.000000
115.010066 197.811426 2.000000
116.859238 196.095183 2.000000
114.440114 192.812625 2.000000
110.595175 198.275573 2.000000
109.820990 196.883101 2.000000
112.960648 194.944074 2.000000
116.442903 193.874602 2.000000
115.167913 198.980517 2.000000
108.842804 191.565204 2.000000
118.173335 196.614064 2.000000
114.947260 187.816045 2.000000
112.254366 192.185873 2.000000
116.169114 199.528225 2.000000
114.425105 193.401941 2.000000
112.707881 190.415891 2.000000
113.763563 191.660086 2.000000
105.011321 198.731407 2.000000
110.340500 192.148741 2.000000
114.309012 201.657776 2.000000
113.118928 191.260208 2.000000
109.018350 195.991827 2.000000
112.309791 191.909102 2.000000
111.164793 193.258038 2.000000
110.916923 193.060730 2.000000
108.980336 194.685575 2.000000
113.116192 190.394438 2.000000
112.803018 190.890683 2.000000
110.649600 192.447249 2.000000
112.854009 199.124110 2.000000
118.109464 195.001834 2.000000
114.054905 197.344967 2.000000
112.687312 195.954539 2.000000
109.648564 196.315250 2.000000
115.344304 192.555436 2.000000
110.467773 196.432319 2.000000
114.632491 197.672908 2.000000
111.422824 198.424277 2.000000
116.026991 189.605156 2.000000
106.905419 191.281180 2.000000
113.422916 197.240403 2.000000
112.246405 195.318686 2.000000
115.705980 188.669041 2.000000
122.235951 202.537289 2.000000
118.365758 188.402827 2.000000
113.969045 191.123808 2.000000
113.989695 193.472511 2.000000
111.500867 196.643874 2.000000
111.029813 193.465145 2.000000
112.988503 192.646556 2.000000
112.896152 187.447893 2.000000
108.791633 191.238965 2.000000
110.548524 193.866333 2.000000
115.251330 189.626089 2.000000
112.978898 191.677081 2.000000
117.614029 188.106025 2.000000
119.348345 199.156889 2.000000
114.928317 189.153152 2.000000
112.710242 191.171108 2.000000
112.639653 192.315357 2.000000
113.847807 191.844278 2.000000
115.044962 195.603580 2.000000
113.276522 187.734940 2.000000
110.152826 188.930250 2.000000
114.314568 193.303676 2.000000
114.132758 188.507879 2.000000
112.108903 195.970195 2.000000
117.818655 187.924653 2.000000
114.737223 192.110399 2.000000
111.705144 191.892339 2.000000
109.243583 193.044096 2.000000
115.897327 186.585499 2.000000
112.523140 187.062269 2.000000
117.639978 193.872521 2.000000
111.725482 192.977792 2.000000
113.848429 196.879944 2.000000
117.762665 193.314723 2.000000
112.415040 188.999347 2.000000
117.462454 191.933016 2.000000
115.052488 191.623507 2.000000
115.307529 194.430589 2.000000
110.926788 193.133216 2.000000
110.425043 190.602835 2.000000
109.436857 191.151883 2.000000
113.390494 193.611026 2.000000
111.992245 197.985362 2.000000
114.374407 198.536828 2.000000
111.776833 191.409044 2.000000
113.876544 194.083866 2.000000
110.458613 193.656931 2.000000
116.848589 189.214693 2.000000
111.833681 188.732485 2.000000
106.240830 193.144790 2.000000
111.910601 189.707921 2.000000
112.827212 195.579253 2.000000
105.491473 193.615787 2.000000
107.076431 191.606378 2.000000
118.552953 192.716433 2.000000
113.996003 193.772384 2.000000
111.950770 192.760758 2.000000
112.877821 195.048664 2.000000
114.411521 187.274100 2.000000
113.884413 190.772489 2.000000
112.863554 192.768431 2.000000
110.265690 189.741129 2.000000
106.497935 189.235034 2.000000
114.343002 191.738183 2.000000
112.279334 191.478251 2.000000
114.708532 193.415810 2.000000
117.411004 190.423341 2.000000
117.064371 196.016295 2.000000
120.080637 189.351535 2.000000
108.840733 191.468945 2.000000
115.773054 187.037076 2.000000
115.417015 192.458864 2.000000
112.512918 186.550292 2.000000
117.981577 188.472171 2.000000
113.772190 187.478942 2.000000
108.856711 190.356575 2.000000
107.781923 195.436198 2.000000
114.089457 196.965093 2.000000
113.197259 189.736104 2.000000
109.280390 191.592245 2.000000
115.239145 190.540694 2.000000
111.183195 186.042718 2.000000
115.193181 191.134219 2.000000
114.260208 192.209798 2.000000
108.011853 187.018060 2.000000
106.317475 188.841708 2.000000
116.837618 191.770736 2.000000
116.450451 197.527051 2.000000
111.066145 192.174425 2.000000
110.363609 189.520248 2.000000
110.877876 192.394837 2.000000
119.675079 188.827543 2.000000
116.868397 188.607572 2.000000
114.602093 186.989693 2.000000
108.684531 190.722394 2.000000
107.979105 194.823978 2.000000
109.594610 184.508356 2.000000
109.465544 191.629343 2.000000
113.689934 188.499589 2.000000
114.388677 184.534762 2.000000
115.175004 189.365847 2.000000
112.999968 186.409975 2.000000
113.246966 191.105562 2.000000
111.742792 191.545489 2.000000
114.551656 190.580686 2.000000
116.339079 187.562418 2.000000
118.014030 187.632358 2.000000
111.269954 189.587849 2.000000
111.422653 192.074378 2.000000
115.991675 194.840231 2.000000
113.011120 186.919521 2.000000
109.732611 185.029956 2.000000
110.756477 192.126563 2.000000
109.485514 185.804298 2.000000
109.636214 187.773292 2.000000
114.225608 188.988011 2.000000
114.281727 193.299301 2.000000
112.179885 191.253137 2.000000
111.420743 187.639918 2.000000
114.734182 190.434954 2.000000
111.666330 188.023142 2.000000
115.989744 183.004083 2.000000
117.258933 187.719671 2.000000
115.002478 185.939739 2.000000
111.453356 190.344005 2.000000
117.552714 190.989173 2.000000
117.973051 192.709771 2.000000
116.935878 191.198925 2.000000
109.945856 188.014586 2.000000
113.042851 189.495984 2.000000
113.184977 186.208776 2.000000
108.127658 184.235141 2.000000
114.427071 189.174512 2.000000
112.638544 190.065834 2.000000
106.645990 193.314093 2.000000
109.068183 188.523186 2.000000
114.366082 191.844291 2.000000
112.237752 183.739104 2.000000
116.376241 186.566876 2.000000
111.794049 188.902853 2.000000
112.719926 186.055713 2.000000
108.783259 185.453236 2.000000
109.346563 193.943245 2.000000
111.429862 185.763160 2.000000
117.299005 183.274255 2.000000
117.040268 187.268042 2.000000
117.723985 189.874072 2.000000
117.236625 190.563857 2.000000
113.264991 190.048051 2.000000
114.072780 184.105329 2.000000
113.596722 188.045434 2.000000
111.413694 189.293489 2.000000
107.657744 182.163687 2.000000
118.110244 187.589160 2.000000
114.877051 190.189256 2.000000
115.408878 189.042724 2.000000
114.104438 191.110685 2.000000
111.363503 189.403589 2.000000
111.331260 193.137579 2.000000
112.058226 185.712880 2.000000
104.539794 184.210185 2.000000
111.989191 188.005879 2.000000
109.216107 187.574466 2.000000
111.360331 191.973034 2.000000
109.431806 191.174789 2.000000
117.630849 189.463263 2.000000
109.547054 184.421539 2.000000
113.123939 187.742817 2.000000
114.160506 185.031589 2.000000
111.510978 188.701860 2.000000
113.390707 186.523393 2.000000
112.328653 181.171634 2.000000
112.488860 189.425664 2.000000
113.825540 190.398645 2.000000
117.340568 188.166086 2.000000
111.698179 186.902890 2.000000
113.213443 187.128259 2.000000
114.285907 188.005174 2.000000
113.028619 185.282003 2.000000
110.446089 190.484341 2.000000
107.691616 183.190492 2.000000
115.029330 191.147775 2.000000
108.557872 187.591307 2.000000
107.201227 185.978473 2.000000
113.672755 188.694006 2.000000
113.278819 184.464788 2.000000
110.729520 188.692913 2.000000
109.246059 180.327172 2.000000
111.088192 185.738744 2.000000
110.625793 183.431287 2.000000
113.668607 182.711495 2.000000
109.560481 188.944485 2.000000
107.723264 190.853102 2.000000
111.923739 192.302641 2.000000
115.317380 186.355441 2.000000
114.357448 183.918372 2.000000
109.477670 186.240090 2.000000
109.821659 187.005041 2.000000
109.401568 184.188878 2.000000
111.009530 185.550875 2.000000
111.121336 192.524424 2.000000
113.444271 191.863709 2.000000
108.536157 185.173892 2.000000
115.902873 177.275745 2.000000
111.122485 182.628798 2.000000
115.695987 187.373738 2.000000
107.188524 187.128755 2.000000
109.983171 190.526674 2.000000
109.991710 185.610561 2.000000
112.255781 187.440345 2.000000
118.827718 183.708896 2.000000
114.951817 186.734090 2.000000
114.830357 186.297464 2.000000
117.668166 183.458820 2.000000
115.153196 188.643717 2.000000
113.170715 186.204586 2.000000
112.999666 188.808256 2.000000
110.743310 190.127946 2.000000
114.715414 181.106214 2.000000
117.672166 187.072928 2.000000
108.875244 185.514642 2.000000
110.446793 183.538275 2.000000
106.967347 185.042221 2.000000
106.814476 185.747929 2.000000
111.734483 188.606023 2.000000
111.638464 187.867675 2.000000
109.391781 190.608459 2.000000
113.648919 185.996941 2.000000
114.116638 188.056688 2.000000
112.386679 181.210844 2.000000
110.704464 183.952839 2.000000
108.023956 187.198574 2.000000
112.036450 183.421887 2.000000
115.449108 183.303258 2.000000
111.048063 184.726491 2.000000
110.091696 183.187352 2.000000
111.538269 178.586190 2.000000
114.753575 183.445609 2.000000
115.063991 183.385406 2.000000
116.776496 183.965258 2.000000
113.002236 184.787828 2.000000
114.461286 179.894755 2.000000
111.446622 184.713662 2.000000
112.769890 183.385949 2.000000
110.804350 182.414476 2.000000
109.552910 182.255688 2.000000
104.662532 189.215634 2.000000
113.629782 184.198195 2.000000
117.301038 186.828544 2.000000
109.065308 184.264598 2.000000
113.478573 184.000760 2.000000
111.520462 188.512114 2.000000
108.549112 186.462167 2.000000
113.392931 181.877848 2.000000
112.896997 182.079746 2.000000
114.834407 179.783037 2.000000
107.256016 186.580582 2.000000
111.013526 183.304085 2.000000
108.366911 185.828173 2.000000
112.834639 184.129862 2.000000
118.132680 185.450803 2.000000
112.602019 185.113934 2.000000
107.675708 183.944811 2.000000
108.229232 184.984069 2.000000
113.927149 186.167740 2.000000
110.053677 181.919556 2.000000
104.858936 184.325283 2.000000
106.934855 181.826015 2.000000
113.611259 187.896382 2.000000
118.105466 177.278505 2.000000
114.455802 185.164790 2.000000
116.429766 186.687194 2.000000
109.194041 188.700710 2.000000
120.626039 182.700562 2.000000
111.031934 176.482822 2.000000
110.954715 183.717548 2.000000
118.415060 189.929776 2.000000
110.772248 185.465228 2.000000
114.907564 180.536028 2.000000
112.128789 182.381122 2.000000
112.821318 184.367338 2.000000
115.426822 187.679648 2.000000
113.229686 182.656017 2.000000
109.947413 183.102196 2.000000
116.583196 186.414718 2.000000
106.822418 189.582460 2.000000
113.840931 183.478683 2.000000
108.984906 186.503902 2.000000
109.951871 188.851362 2.000000
107.022352 186.736505 2.000000
110.964147 182.693253 2.000000
112.057537 179.806058 2.000000
109.567350 180.405091 2.000000
110.466884 184.768525 2.000000
108.032235 184.696122 2.000000
111.349834 181.206951 2.000000
117.886485 183.607360 2.000000
116.978161 179.806384 2.000000
111.161933 181.018689 2.000000
114.320300 186.633302 2.000000
107.960632 190.156344 2.000000
115.623322 179.456414 2.000000
108.579427 182.035242 2.000000
111.034981 176.264905 2.000000
115.370355 183.873767 2.000000
109.473498 180.714076 2.000000
113.640296 186.011873 2.000000
113.071406 181.275606 2.000000
114.564226 182.614360 2.000000
110.155517 183.421494 2.000000
111.644639 176.696676 2.000000
108.077176 183.119207 2.000000
106.500780 183.691141 2.000000
108.584125 185.890367 2.000000
110.705021 182.961998 2.000000
112.497399 179.044538 2.000000
112.984055 180.234972 2.000000
108.124603 182.504935 2.000000
106.787395 177.865705 2.000000
110.182061 183.590424 2.000000
105.510167 174.715724 2.000000
110.889869 184.759285 2.000000
108.591718 182.647297 2.000000
115.723302 184.965830 2.000000
112.407241 182.323708 2.000000
114.251687 182.999246 2.000000
108.757705 183.020450 2.000000
101.652060 183.083793 2.000000
107.182908 183.905390 2.000000
112.105215 183.437756 2.000000
107.516776 183.890327 2.000000
111.856226 181.352884 2.000000
109.350123 182.479459 2.000000
106.759394 184.540958 2.000000
110.198131 183.081101 2.000000
112.257076 180.829839 2.000000
109.899042 189.124035 2.000000
108.305506 178.770045 2.000000
113.061494 178.540279 2.000000
113.147885 185.354991 2.000000
110.928514 185.512216 2.000000
111.347222 179.222589 2.000000
111.275657 181.848761 2.000000
117.482865 182.188568 2.000000
111.270885 177.900989 2.000000
110.291314 182.200971 2.000000
109.618911 181.290742 2.000000
113.819983 179.751165 2.000000
118.021764 182.629214 2.000000
106.987867 181.503508 2.000000
110.626417 178.970273 2.000000
110.084442 178.800085 2.000000
113.292964 183.516929 2.000000
107.997360 188.233339 2.000000
111.625414 183.334838 2.000000
111.817908 179.954228 2.000000
111.170845 183.069398 2.000000
113.068475 184.048601 2.000000
113.567476 182.861961 2.000000
111.028831 174.676447 2.000000
110.560828 183.361540 2.000000
113.226990 186.453523 2.000000
113.835368 182.917387 2.000000
109.054633 186.419915 2.000000
109.607447 182.726349 2.000000
110.660709 177.509916 2.000000
115.655648 180.021269 2.000000
110.453878 182.720405 2.000000
109.148758 184.428613 2.000000
110.303174 183.721371 2.000000
110.581471 183.154483 2.000000
111.109075 180.701015 2.000000
108.472712 180.257411 2.000000
108.854949 180.986836 2.000000
112.889874 176.524456 2.000000
116.057432 179.734897 2.000000
110.487474 180.514199 2.000000
117.574573 178.946226 2.000000
110.446308 178.860584 2.000000
111.569677 179.371292 2.000000
115.296207 181.551008 2.000000
111.033309 184.274474 2.000000
110.548244 180.911477 2.000000
112.400871 182.668828 2.000000
112.412250 177.698021 2.000000
113.879341 179.450701 2.000000
111.651573 179.297933 2.000000
109.237400 184.392241 2.000000
110.193588 178.079230 2.000000
108.104582 180.675883 2.000000
106.566743 181.190182 2.000000
111.916154 178.044027 2.000000
107.626210 179.843774 2.000000
112.991870 183.250396 2.000000
111.417723 180.607186 2.000000
111.622450 178.612349 2.000000
111.784885 180.145063 2.000000
111.748232 176.902068 2.000000
108.946561 175.380396 2.000000
107.309541 180.118010 2.000000
112.389901 183.778270 2.000000
108.604545 175.436790 2.000000
104.675779 179.152466 2.000000
106.352095 179.550878 2.000000
107.811854 178.028837 2.000000
110.831285 177.665490 2.000000
108.401583 179.229285 2.000000
108.414268 185.579878 2.000000
113.032477 179.883641 2.000000
114.683224 182.624878 2.000000
112.323762 185.814596 2.000000
109.949304 175.349330 2.000000
112.628058 176.348117 2.000000
115.572034 177.796650 2.000000
106.149856 183.330291 2.000000
109.147150 185.642623 2.000000
108.771551 182.317313 2.000000
108.899647 180.396942 2.000000
107.612075 180.534940 2.000000
112.000052 177.357681 2.000000
110.086839 176.613000 2.000000
106.437546 180.327869 2.000000
115.397048 178.978263 2.000000
114.747763 181.699134 2.000000
114.578206 179.620984 2.000000
108.960055 181.291448 2.000000
108.837341 182.658084 2.000000
110.162115 177.387856 2.000000
110.046525 175.138494 2.000000
113.994490 183.463459 2.000000
107.845864 180.030056 2.000000
111.173513 177.039544 2.000000
108.025206 177.751517 2.000000
111.912841 180.689218 2.000000
111.901902 176.143164 2.000000
109.371449 183.837880 2.000000
109.495819 182.127513 2.000000
116.877056 177.122642 2.000000
105.767146 179.460293 2.000000
106.481068 182.074419 2.000000
113.410066 182.158286 2.000000
112.354290 180.262786 2.000000
112.360386 177.874358 2.000000
114.979992 178.719437 2.000000
112.670781 179.514220 2.000000
113.387263 178.843982 2.000000
110.411648 182.194102 2.000000
116.186576 183.914979 2.000000
104.293472 171.689940 2.000000
108.308275 176.945274 2.000000
105.006249 180.239470 2.000000
106.342644 180.514375 2.000000
110.864738 173.648354 2.000000
110.734621 185.514134 2.000000
110.861985 169.497498 2.000000
110.893087 175.308269 2.000000
110.090372 179.296953 2.000000
111.351850 176.238192 2.000000
111.339402 176.439811 2.000000
107.620323 175.729047 2.000000
116.113174 177.210948 2.000000
114.486421 177.172653 2.000000
111.034280 177.792459 2.000000
112.377651 174.860171 2.000000
113.404789 177.965878 2.000000
114.026970 176.401817 2.000000
107.063009 178.828123 2.000000
106.638891 178.177167 2.000000
105.713003 179.774955 2.000000
109.372643 180.710186 2.000000
107.184480 179.489063 2.000000
109.821067 175.120089 2.000000
112.861395 177.757664 2.000000
112.562425 180.350680 2.000000
117.241231 181.405707 2.000000
109.220979 180.511001 2.000000
113.498590 179.986144 2.000000
111.958458 177.527379 2.000000
112.953192 178.840891 2.000000
110.095937 171.419949 2.000000
107.805382 175.954955 2.000000
111.228623 179.024441 2.000000
109.951333 180.460928 2.000000
114.621343 184.724467 2.000000
110.358756 176.114070 2.000000
109.400584 175.578412 2.000000
104.323702 176.187902 2.000000
109.001744 177.807163 2.000000
106.361352 174.679255 2.000000
110.866535 179.764916 2.000000
107.000150 178.623140 2.000000
112.257036 175.269855 2.000000
116.806209 176.126047 2.000000
109.491125 176.219803 2.000000
114.899553 181.468220 2.000000
107.064152 180.000376 2.000000
107.559118 180.479912 2.000000
110.945216 177.684198 2.000000
104.785525 174.509867 2.000000
113.326396 175.003795 2.000000
110.358750 172.038843 2.000000
106.130748 173.194877 2.000000
109.722410 175.123118 2.000000
107.572183 176.138934 2.000000
109.159129 175.486276 2.000000
107.893340 179.439164 2.000000
109.176870 181.149165 2.000000
113.062583 173.492111 2.000000
110.829908 178.088780 2.000000
108.913496 166.129249 2.000000
108.570101 180.301431 2.000000
113.943949 177.691390 2.000000
107.245747 176.365231 2.000000
109.581113 176.617481 2.000000
112.307526 181.205731 2.000000
109.249771 173.620353 2.000000
110.847749 179.503468 2.000000
105.562808 176.570558 2.000000
110.755887 176.447158 2.000000
107.255710 178.443751 2.000000
110.570057 179.297460 2.000000
110.363555 180.619913 2.000000
109.721363 172.575283 2.000000
110.342079 176.314779 2.000000
104.072403 176.536944 2.000000
102.620334 178.652807 2.000000
105.935254 173.823574 2.000000
108.020666 174.022225 2.000000
105.245582 183.006415 2.000000
105.377447 176.658071 2.000000
110.593289 178.020387 2.000000
112.299972 167.137087 2.000000
105.922250 177.693829 2.000000
109.935669 174.841904 2.000000
108.873273 173.247188 2.000000
111.349262 172.912600 2.000000
107.915837 172.500390 2.000000
108.172420 173.453133 2.000000
108.982435 171.542955 2.000000
110.530420 172.366712 2.000000
109.266463 175.276126 2.000000
108.179432 177.385016 2.000000
106.230144 180.466385 2.000000
108.776042 180.134357 2.000000
111.354385 177.880392 2.000000
107.968745 170.027834 2.000000
111.201646 176.447500 2.000000
104.560091 178.255922 2.000000
110.500535 173.774116 2.000000
107.564530 173.560630 2.000000
109.721794 178.676679 2.000000
103.186868 167.735808 2.000000
103.437502 173.688888 2.000000
107.522703 172.433918 2.000000
104.532214 180.626566 2.000000
111.253972 174.891370 2.000000
111.902433 173.860834 2.000000
108.149842 173.313814 2.000000
109.588156 175.462960 2.000000
106.921447 175.491226 2.000000
117.209464 172.633907 2.000000
113.930624 179.457841 2.000000
110.556071 171.390845 2.000000
110.080275 177.990931 2.000000
114.338142 168.056512 2.000000
110.623701 174.210612 2.000000
108.055754 176.994901 2.000000
112.484634 177.369745 2.000000
107.765631 180.434787 2.000000
107.686731 176.384743 2.000000
107.159511 174.069980 2.000000
105.471318 174.164070 2.000000
110.096144 174.156541 2.000000
111.248769 175.293830 2.000000
107.688603 170.761817 2.000000
111.742269 172.176208 2.000000
111.487213 176.904425 2.000000
108.590967 174.383289 2.000000
108.468695 179.650475 2.000000
108.473238 173.281852 2.000000
110.804786 173.078438 2.000000
108.281872 170.948052 2.000000
108.295655 178.332275 2.000000
112.549733 173.899440 2.000000
106.023259 171.657448 2.000000
107.807348 172.130933 2.000000
107.316688 175.677491 2.000000
103.765842 167.497239 2.000000
108.719969 174.828823 2.000000
109.400175 171.903176 2.000000
107.920651 172.286488 2.000000
110.476804 173.986356 2.000000
110.065322 176.012218 2.000000
109.099304 168.051358 2.000000
105.923208 175.105901 2.000000
111.633872 173.156752 2.000000
109.258158 171.097917 2.000000
103.006268 176.652278 2.000000
107.511274 172.233037 2.000000
115.311408 175.866822 2.000000
107.424951 172.179231 2.000000
107.689734 174.402175 2.000000
105.167777 170.425881 2.000000
109.372549 176.023826 2.000000
108.680252 175.813557 2.000000
113.666619 168.637650 2.000000
105.449802 174.656261 2.000000
110.910528 170.922947 2.000000
106.367796 172.465594 2.000000
112.211256 175.607328 2.000000
109.157969 175.684462 2.000000
112.792865 173.064553 2.000000
100.424696 172.637136 2.000000
110.677174 178.744503 2.000000
106.671890 180.264859 2.000000
105.484932 168.282099 2.000000
108.497391 173.723455 2.000000
107.214700 173.231487 2.000000
108.119321 173.202597 2.000000
110.445460 172.166407 2.000000
106.489265 174.020732 2.000000
107.903775 172.679934 2.000000
108.717966 178.112156 2.000000
113.005089 176.132037 2.000000
103.336783 177.098114 2.000000
110.338784 178.054617 2.000000
110.181215 174.202853 2.000000
107.821845 177.982233 2.000000
110.614880 170.424177 2.000000
113.674408 165.484330 2.000000
109.561844 176.559495 2.000000
110.913481 171.046461 2.000000
111.730945 172.129577 2.000000
107.559827 174.305005 2.000000
110.894460 174.873838 2.000000
107.750034 175.370499 2.000000
106.242661 167.698020 2.000000
105.895592 178.183848 2.000000
106.924063 170.737213 2.000000
108.249244 170.338509 2.000000
102.533483 170.576655 2.000000
108.597859 172.307746 2.000000
107.773940 165.691798 2.000000
110.823414 178.794387 2.000000
103.670926 172.001312 2.000000
105.390685 173.583889 2.000000
107.814857 169.905490 2.000000
106.575863 168.119289 2.000000
110.812431 171.151911 2.000000
113.550190 170.529101 2.000000
114.155714 173.799021 2.000000
109.471117 173.387708 2.000000
108.583441 169.615917 2.000000
111.983753 171.345307 2.000000
107.659777 172.031051 2.000000
108.183663 167.930036 2.000000
108.120647 169.336987 2.000000
106.918328 171.456316 2.000000
112.656856 168.234861 2.000000
109.040651 178.040882 2.000000
118.157229 169.329952 2.000000
108.080167 167.428585 2.000000
105.710457 168.296543 2.000000
111.591354 171.302616 2.000000
109.343755 171.548990 2.000000
110.708478 173.881018 2.000000
111.899741 168.742521 2.000000
105.850787 167.008962 2.000000
107.133745 170.783399 2.000000
105.365532 177.989943 2.000000
108.450818 166.276151 2.000000
111.396920 178.352372 2.000000
107.561491 172.872804 2.000000
107.294091 172.643783 2.000000
106.435995 175.875569 2.000000
114.078365 168.944512 2.000000
108.318180 171.628969 2.000000
106.884864 177.066792 2.000000
106.513988 168.551964 2.000000
107.717511 173.159369 2.000000
106.902361 166.790566 2.000000
107.691766 174.969794 2.000000
110.303887 165.674081 2.000000
108.819028 170.078920 2.000000
105.553264 175.597691 2.000000
105.520755 174.229420 2.000000
108.602117 174.270211 2.000000
108.741327 169.972108 2.000000
113.228776 170.649472 2.000000
108.078943 165.767846 2.000000
108.503903 170.185672 2.000000
108.416953 170.413574 2.000000
107.602971 169.058145 2.000000
100.786903 171.887956 2.000000
107.157611 169.416526 2.000000
103.043709 169.282878 2.000000
102.878394 169.122002 2.000000
112.931346 174.735105 2.000000
106.891219 169.743326 2.000000
104.704063 171.746297 2.000000
108.413227 167.514161 2.000000
108.331565 169.334397 2.000000
109.657342 171.421451 2.000000
109.427083 171.603697 2.000000
113.946050 171.237968 2.000000
107.994395 167.601241 2.000000
107.672742 174.194883 2.000000
106.485309 168.390227 2.000000
107.404886 170.394453 2.000000
104.525632 168.602084 2.000000
112.132505 167.868358 2.000000
111.250669 168.995773 2.000000
114.160282 167.561614 2.000000
109.595113 171.503902 2.000000
104.381502 170.670861 2.000000
110.482366 178.237932 2.000000
108.855265 171.608775 2.000000
113.213657 167.215657 2.000000
106.578750 170.911341 2.000000
110.461394 170.676727 2.000000
107.892486 175.599796 2.000000
99.256763 167.054915 2.000000
113.285771 163.148909 2.000000
107.488436 171.229492 2.000000
103.876159 173.213525 2.000000
109.810934 166.237016 2.000000
108.456313 168.149502 2.000000
107.088921 166.806313 2.000000
110.619042 169.096659 2.000000
108.277659 168.111462 2.000000
104.263220 168.785895 2.000000
108.849057 168.602510 2.000000
106.981624 168.107954 2.000000
112.023880 164.561417 2.000000
104.408258 172.047312 2.000000
105.837596 168.182983 2.000000
105.611726 162.730085 2.000000
107.971750 167.126316 2.000000
105.395178 165.259940 2.000000
108.901065 164.514939 2.000000
104.284452 177.464811 2.000000
106.067843 172.286343 2.000000
107.603715 173.839782 2.000000
106.366386 170.011552 2.000000
102.758687 170.441211 2.000000
105.752810 165.912133 2.000000
109.862099 177.210029 2.000000
108.818140 165.015800 2.000000
111.414596 167.861037 2.000000
110.953896 166.893397 2.000000
109.535204 171.762281 2.000000
107.787671 163.438648 2.000000
105.333394 163.988779 2.000000
107.100252 169.790438 2.000000
103.417793 169.364733 2.000000
106.001523 164.859299 2.000000
103.466827 165.931463 2.000000
107.565209 165.350114 2.000000
107.028518 168.362646 2.000000
105.352905 167.827028 2.000000
107.328091 167.660923 2.000000
105.599572 166.301904 2.000000
105.850949 163.255098 2.000000
107.283340 168.618308 2.000000
107.939504 167.196949 2.000000
108.778306 168.797854 2.000000
103.433191 170.527525 2.000000
103.170093 166.656963 2.000000
108.114513 168.195965 2.000000
108.442947 168.526139 2.000000
109.120811 170.814897 2.000000
107.039635 165.425718 2.000000
107.740783 170.137379 2.000000
107.272198 167.386352 2.000000
105.509370 167.875186 2.000000
101.797135 172.453069 2.000000
106.184800 165.669372 2.000000
106.769595 167.745735 2.000000
110.644349 167.866783 2.000000
105.875833 167.913794 2.000000
108.765635 167.831166 2.000000
111.279733 168.059535 2.000000
108.168717 169.222267 2.000000
107.719600 172.318840 2.000000
109.745620 165.689936 2.000000
109.590533 168.957043 2.000000
110.042298 169.692267 2.000000
107.881636 165.176497 2.000000
109.948767 167.476593 2.000000
107.245162 169.923858 2.000000
100.910896 172.455498 2.000000
104.806929 170.453232 2.000000
109.450425 167.701478 2.000000
108.479287 169.865077 2.000000
105.592203 165.760256 2.000000
106.623747 163.476446 2.000000
107.158231 163.294860 2.000000
104.733224 164.045718 2.000000
110.755988 165.291525 2.000000
104.301843 167.685491 2.000000
110.917287 171.086251 2.000000
106.937777 165.365397 2.000000
105.081798 169.088894 2.000000
101.348462 169.639641 2.000000
108.850487 170.716782 2.000000
108.791491 161.591248 2.000000
107.092150 169.351915 2.000000
112.567960 163.475505 2.000000
104.621967 165.421316 2.000000
107.351509 168.345163 2.000000
106.590717 167.833311 2.000000
108.544808 169.789221 2.000000
108.710804 165.210796 2.000000
107.129325 168.102841 2.000000
106.247039 169.504415 2.000000
105.969340 162.020455 2.000000
104.049947 165.738515 2.000000
107.070548 171.150367 2.000000
108.013564 166.990221 2.000000
102.322003 171.402956 2.000000
104.644518 164.269713 2.000000
110.719809 164.945118 2.000000
104.971430 167.677507 2.000000
105.696806 162.555576 2.000000
109.827107 169.461033 2.000000
107.872871 171.957569 2.000000
103.535893 166.665009 2.000000
105.737262 166.988435 2.000000
103.813376 167.985795 2.000000
103.900671 166.238134 2.000000
104.480874 169.393155 2.000000
109.797294 161.396264 2.000000
108.830369 161.718753 2.000000
105.303854 167.141218 2.000000
109.933579 165.171422 2.000000
103.080974 165.694588 2.000000
108.346124 162.219543 2.000000
109.605268 165.892151 2.000000
113.142870 164.471183 2.000000
103.736024 171.139332 2.000000
107.593906 164.383802 2.000000
103.306202 163.877633 2.000000
106.334276 167.018121 2.000000
107.038462 172.512075 2.000000
103.185916 168.727821 2.000000
110.028819 160.435896 2.000000
104.768158 161.880107 2.000000
106.816379 161.753788 2.000000
107.633984 165.254935 2.000000
109.578905 168.737947 2.000000
108.730911 167.476616 2.000000
107.066986 161.736471 2.000000
109.224248 170.447298 2.000000
103.261388 165.750703 2.000000
102.752513 160.819984 2.000000
108.659161 168.214422 2.000000
105.007068 169.765942 2.000000
105.561750 166.120752 2.000000
106.640424 165.744886 2.000000
113.886474 167.725329 2.000000
105.207393 158.626778 2.000000
96.949620 171.053099 2.000000
103.276489 166.678165 2.000000
107.850052 163.487756 2.000000
103.803166 160.827109 2.000000
106.954960 163.495711 2.000000
105.431641 164.489194 2.000000
109.163562 165.537646 2.000000
101.704541 164.490862 2.000000
101.910286 162.872175 2.000000
109.111102 164.639383 2.000000
110.651407 166.907955 2.000000
105.377327 163.839565 2.000000
107.765918 168.753685 2.000000
103.572854 171.109836 2.000000
106.282516 166.910872 2.000000
105.611864 170.350736 2.000000
108.500978 158.715662 2.000000
103.497280 167.700313 2.000000
103.399899 161.508431 2.000000
107.024647 159.853900 2.000000
106.264025 165.119719 2.000000
105.394698 160.801176 2.000000
101.697843 162.457928 2.000000
111.296383 160.623137 2.000000
104.376565 162.857220 2.000000
106.645737 165.267741 2.000000
108.219584 166.769234 2.000000
110.395059 162.887567 2.000000
106.828046 172.487573 2.000000
100.415160 164.246192 2.000000
110.865460 163.921152 2.000000
106.172946 163.853451 2.000000
103.940894 161.630337 2.000000
102.886643 164.380395 2.000000
105.705200 165.241719 2.000000
99.966168 161.463595 2.000000
107.900117 162.298375 2.000000
107.102501 162.754946 2.000000
109.866415 163.830348 2.000000
107.467917 162.367181 2.000000
108.435832 163.307043 2.000000
105.733220 162.625295 2.000000
101.414406 162.015275 2.000000
107.528143 161.222576 2.000000
106.389931 164.199756 2.000000
107.837394 162.285531 2.000000
107.545851 167.252394 2.000000
105.864226 162.885018 2.000000
103.945297 166.715697 2.000000
102.028579 165.802507 2.000000
103.993895 167.448073 2.000000
110.368027 161.433573 2.000000
105.069003 159.379332 2.000000
103.177899 167.135822 2.000000
104.637467 162.359914 2.000000
103.539059 165.283182 2.000000
105.216288 165.272877 2.000000
108.367850 164.010126 2.000000
105.675683 159.510799 2.000000
106.963422 158.928449 2.000000
105.870670 163.886073 2.000000
107.287033 157.317617 2.000000
111.742494 163.140319 2.000000
100.617071 164.022899 2.000000
101.497721 164.371654 2.000000
102.897609 161.527203 2.000000
104.253280 169.235815 2.000000
105.178973 168.495434 2.000000
106.998423 159.409613 2.000000
102.610971 167.949453 2.000000
105.280294 166.543709 2.000000
101.528846 157.382303 2.000000
105.119795 162.979875 2.000000
109.647132 165.532521 2.000000
108.772227 167.156369 2.000000
103.450206 165.178705 2.000000
103.665117 162.829407 2.000000
104.118246 163.442886 2.000000
106.685854 161.478040 2.000000
103.603702 165.841852 2.000000
103.984531 164.876738 2.000000
105.203119 162.761700 2.000000
104.126955 166.325244 2.000000
103.041798 163.853300 2.000000
108.606132 165.544170 2.000000
104.745959 161.904299 2.000000
105.455471 165.052188 2.000000
104.301751 161.314076 2.000000
105.720988 164.594197 2.000000
107.791896 166.562422 2.000000
107.656923 165.374716 2.000000
106.274102 161.428821 2.000000
99.744939 157.019016 2.000000
103.895659 158.821453 2.000000
104.728399 167.663402 2.000000
105.842865 164.421683 2.000000
106.881917 169.389961 2.000000
106.955346 163.507754 2.000000
106.190706 162.697820 2.000000
104.999552 161.071161 2.000000
100.905518 159.188960 2.000000
103.232310 160.662835 2.000000
100.732153 159.963096 2.000000
104.723411 168.178290 2.000000
106.429044 157.755859 2.000000
100.203772 161.333215 2.000000
105.582699 158.841022 2.000000
103.765806 163.239961 2.000000
101.216711 160.902445 2.000000
104.246616 163.085411 2.000000
99.753633 164.229831 2.000000
102.378386 165.182590 2.000000
102.587745 159.331049 2.000000
102.224135 163.619982 2.000000
105.927205 159.283873 2.000000
108.638859 161.089135 2.000000
103.117941 165.002749 2.000000
103.653755 160.322872 2.000000
113.222883 157.869792 2.000000
103.796899 162.552578 2.000000
104.284989 163.422731 2.000000
107.201804 163.739778 2.000000
105.879043 164.017827 2.000000
107.572250 163.394030 2.000000
106.663535 160.576070 2.000000
103.098828 160.689663 2.000000
106.655309 157.524228 2.000000
108.072278 166.315681 2.000000
100.293596 160.331181 2.000000
105.947870 157.116283 2.000000
105.980094 157.405846 2.000000
102.363942 160.233832 2.000000
103.276061 160.236843 2.000000
104.588676 163.469426 2.000000
103.237430 159.329509 2.000000
106.501818 160.493900 2.000000
106.367165 163.434368 2.000000
104.296658 160.548583 2.000000
102.669509 163.698990 2.000000
104.011095 164.612190 2.000000
107.462269 160.090921 2.000000
98.455076 164.070821 2.000000
108.983905 165.679200 2.000000
106.393738 162.474629 2.000000
100.541315 165.141993 2.000000
107.251162 164.458463 2.000000
108.084736 160.340068 2.000000
109.058706 155.727677 2.000000
103.006160 159.460363 2.000000
107.283952 156.888286 2.000000
102.440973 164.646221 2.000000
101.709080 156.718817 2.000000
104.747795 161.892091 2.000000
104.530196 158.152102 2.000000
101.506236 153.324983 2.000000
108.057743 163.025385 2.000000
108.783099 161.595741 2.000000
108.045816 158.955685 2.000000
104.161616 159.523498 2.000000
106.191703 162.076090 2.000000
105.251145 157.652303 2.000000
106.650761 155.529848 2.000000
109.379659 161.911564 2.000000
106.986244 161.303533 2.000000
107.922508 158.301708 2.000000
98.944438 161.610100 2.000000
105.012976 159.958871 2.000000
102.685362 158.221572 2.000000
112.729995 163.867436 2.000000
101.482827 163.568134 2.000000
103.656886 160.851632 2.000000
101.130623 161.125986 2.000000
104.910124 163.399466 2.000000
99.980942 164.285124 2.000000
104.596997 160.079519 2.000000
106.339655 160.058003 2.000000
104.443374 154.308336 2.000000
100.882405 157.022542 2.000000
106.946576 160.685809 2.000000
106.321101 158.630886 2.000000
107.868170 156.891538 2.000000
101.664293 165.370942 2.000000
105.814751 164.026534 2.000000
104.596248 159.866730 2.000000
104.064680 163.549244 2.000000
95.231098 160.856351 2.000000
106.124975 155.688524 2.000000
104.982898 161.388542 2.000000
100.401298 162.931782 2.000000
106.636051 159.201681 2.000000
106.109287 161.538659 2.000000
99.441078 163.554623 2.000000
97.109560 161.470167 2.000000
105.349459 154.874148 2.000000
99.205210 158.236145 2.000000
104.143344 159.527259 2.000000
103.885883 161.681179 2.000000
102.592927 154.245444 2.000000
110.168369 155.280940 2.000000
108.532185 159.746814 2.000000
104.349998 155.283215 2.000000
101.356009 158.971084 2.000000
104.296575 161.455157 2.000000
109.544501 160.812550 2.000000
103.958035 160.033490 2.000000
101.228575 160.109954 2.000000
109.897616 158.824823 2.000000
104.307014 164.141301 2.000000
95.924626 155.351185 2.000000
101.255953 157.214239 2.000000
104.786535 155.867873 2.000000
106.802413 165.553212 2.000000
106.352604 160.334614 2.000000
108.166782 161.102933 2.000000
104.902412 157.053146 2.000000
102.012757 159.556241 2.000000
103.086152 158.877386 2.000000
101.469359 158.812270 2.000000
103.973287 156.290651 2.000000
99.994705 159.140082 2.000000
103.628484 154.697527 2.000000
101.470579 163.694373 2.000000
107.253171 158.434099 2.000000
103.402634 161.008872 2.000000
104.252693 159.933435 2.000000
107.346244 160.815234 2.000000
105.642179 157.552236 2.000000
104.946152 158.298433 2.000000
108.702421 158.171358 2.000000
101.914168 155.899847 2.000000
100.571165 155.115575 2.000000
99.879111 158.291923 2.000000
100.373310 155.282556 2.000000
100.488574 153.701403 2.000000
108.630770 157.571930 2.000000
105.978349 160.655032 2.000000
102.453818 154.110367 2.000000
109.298098 161.683046 2.000000
102.093515 156.399839 2.000000
103.523038 160.593211 2.000000
102.466517 157.859966 2.000000
101.213229 155.046557 2.000000
103.164075 152.939940 2.000000
101.525492 163.835242 2.000000
107.440171 157.363209 2.000000
110.508615 157.999786 2.000000
100.891310 159.573105 2.000000
104.040685 157.397326 2.000000
108.785382 155.521158 2.000000
104.644567 156.574795 2.000000
104.391804 158.000883 2.000000
103.869770 155.109200 2.000000
104.470118 156.875282 2.000000
100.050826 154.586348 2.000000
100.467589 155.724264 2.000000
105.292100 156.476492 2.000000
103.610778 153.363285 2.000000
99.278532 159.849940 2.000000
101.362879 159.291059 2.000000
102.954688 161.722132 2.000000
102.942301 164.786238 2.000000
105.172212 158.323472 2.000000
102.627130 154.536539 2.000000
103.497231 159.131147 2.000000
100.779556 154.822563 2.000000
100.081515 157.034975 2.000000
110.555182 154.920298 2.000000
101.738414 158.917833 2.000000
107.016055 154.635232 2.000000
103.874959 163.471350 2.000000
110.298990 158.626164 2.000000
101.205525 154.492608 2.000000
103.033009 159.285765 2.000000
103.484118 156.744367 2.000000
100.650447 158.153413 2.000000
104.515074 153.022281 2.000000
103.776155 154.641995 2.000000
103.108558 160.412309 2.000000
103.057347 158.608495 2.000000
108.165513 159.103159 2.000000
99.094901 158.320508 2.000000
103.498133 161.654199 2.000000
102.318989 159.629902 2.000000
106.022645 159.081224 2.000000
102.740612 156.601525 2.000000
103.370387 153.264552 2.000000
98.997344 158.856675 2.000000
103.635752 153.029965 2.000000
98.346572 162.482434 2.000000
102.863399 157.650108 2.000000
98.435795 153.140203 2.000000
103.276964 154.565694 2.000000
103.848164 154.734293 2.000000
103.781136 155.098380 2.000000
102.750630 157.560541 2.000000
106.686405 159.268737 2.000000
98.386618 151.390031 2.000000
102.965030 163.335836 2.000000
103.492633 154.743437 2.000000
94.278291 155.081713 2.000000
95.877015 153.061532 2.000000
103.056814 152.531519 2.000000
101.787654 159.010552 2.000000
104.972845 155.624969 2.000000
100.758481 155.736408 2.000000
99.943209 158.150482 2.000000
102.530730 159.362360 2.000000
102.383565 155.400388 2.000000
99.991032 152.312321 2.000000
100.510106 151.877920 2.000000
94.442280 152.737129 2.000000
104.469510 158.003285 2.000000
103.257615 155.236683 2.000000
100.704441 148.959565 2.000000
106.586685 150.843387 2.000000
97.397701 157.656332 2.000000
103.150481 153.303721 2.000000
98.363533 150.572397 2.000000
105.213629 152.226474 2.000000
94.575834 161.647743 2.000000
106.379721 156.251798 2.000000
103.194293 158.695507 2.000000
101.074574 150.659536 2.000000
102.776927 151.980502 2.000000
97.533309 149.414512 2.000000
100.416670 158.843687 2.000000
104.414398 154.983814 2.000000
103.019338 160.001447 2.000000
103.610612 156.698744 2.000000
107.862198 158.149741 2.000000
101.081817 156.278148 2.000000
102.935451 153.631301 2.000000
101.576701 152.678158 2.000000
105.238919 159.452273 2.000000
101.859744 158.595888 2.000000
103.264774 151.989054 2.000000
107.877639 156.748084 2.000000
103.663617 155.928260 2.000000
96.535461 155.292481 2.000000
101.379852 157.845688 2.000000
100.329933 156.303131 2.000000
104.691299 153.424600 2.000000
104.643098 157.263239 2.000000
101.022437 156.762705 2.000000
102.426712 151.437209 2.000000
93.763242 159.585653 2.000000
95.615570 158.077241 2.000000
100.243863 151.983312 2.000000
100.474418 155.326961 2.000000
102.104610 151.107242 2.000000
100.789503 155.131769 2.000000
100.063098 154.987054 2.000000
98.625078 153.794030 2.000000
97.836118 149.401800 2.000000
101.218985 149.228597 2.000000
106.854303 148.835243 2.000000
103.671004 153.057112 2.000000
101.610523 155.630645 2.000000
104.856405 153.231677 2.000000
98.545351 156.294753 2.000000
94.733557 149.980914 2.000000
103.945451 148.219776 2.000000
101.438692 151.462898 2.000000
102.067422 154.035647 2.000000
104.742734 156.626244 2.000000
103.709827 151.773128 2.000000
101.475054 154.915928 2.000000
98.146977 151.625049 2.000000
100.862658 153.366412 2.000000
96.450318 156.084890 2.000000
97.705918 151.738707 2.000000
100.288633 154.054486 2.000000
100.729445 155.849315 2.000000
97.753685 148.150799 2.000000
98.316184 155.308213 2.000000
102.824346 152.608881 2.000000
103.110884 152.090301 2.000000
103.700482 157.855720 2.000000
100.666046 149.859361 2.000000
95.864671 147.777564 2.000000
101.800158 153.530291 2.000000
97.884522 150.907173 2.000000
104.347742 152.673438 2.000000
103.041594 147.276268 2.000000
100.473348 155.520506 2.000000
99.568789 150.027617 2.000000
97.310123 157.119987 2.000000
101.727661 154.549089 2.000000
99.356292 154.321605 2.000000
101.767836 151.416839 2.000000
102.494986 152.841311 2.000000
98.834227 152.036078 2.000000
107.145628 157.069392 2.000000
103.492526 148.270917 2.000000
100.978134 154.568760 2.000000
102.312045 154.394142 2.000000
99.562610 152.421576 2.000000
93.253988 154.455659 2.000000
104.173198 156.127881 2.000000
100.539563 157.563262 2.000000
98.016484 154.536253 2.000000
102.764055 150.192942 2.000000
97.419924 150.768624 2.000000
100.406058 151.931624 2.000000
102.472662 158.337712 2.000000
100.153396 155.551961 2.000000
99.097905 151.331531 2.000000
103.321852 149.896038 2.000000
104.418788 154.294518 2.000000
101.314246 151.591382 2.000000
100.091814 155.175583 2.000000
102.530814 149.922050 2.000000
95.689428 156.362960 2.000000
99.629799 154.967186 2.000000
100.489934 153.601591 2.000000
96.270454 152.079675 2.000000
102.762059 151.852588 2.000000
102.775274 151.750810 2.000000
103.552883 152.656497 2.000000
104.996248 153.544659 2.000000
101.637514 152.074819 2.000000
95.263016 150.620816 2.000000
98.914991 152.949855 2.000000
101.299042 154.192682 2.000000
104.088782 151.922022 2.000000
101.708511 150.685100 2.000000
104.268616 150.711365 2.000000
100.722257 148.131164 2.000000
103.964298 149.391972 2.000000
97.928733 149.662050 2.000000
101.927071 155.734229 2.000000
96.952442 148.830295 2.000000
102.541540 151.248563 2.000000
102.433739 151.906919 2.000000
104.840209 153.593189 2.000000
100.042041 150.192969 2.000000
99.105954 146.839125 2.000000
96.694039 150.461835 2.000000
92.882990 148.216132 2.000000
103.790421 150.914745 2.000000
100.487101 155.348863 2.000000
100.985973 151.790689 2.000000
100.046130 151.338780 2.000000
97.873390 153.074423 2.000000
101.208916 149.908547 2.000000
96.002284 158.294741 2.000000
97.500673 153.230776 2.000000
95.558746 149.644126 2.000000
98.700202 151.543080 2.000000
104.145179 150.491242 2.000000
102.222584 157.667412 2.000000
97.240584 153.128729 2.000000
99.639481 150.172778 2.000000
102.262966 156.412399 2.000000
94.607415 152.975343 2.000000
97.625801 152.462336 2.000000
105.488692 150.495605 2.000000
100.650448 148.401716 2.000000
98.339549 158.136285 2.000000
100.746717 151.890495 2.000000
98.614257 154.742377 2.000000
97.105603 151.666047 2.000000
96.614104 144.416775 2.000000
99.083472 151.707887 2.000000
98.201314 148.247410 2.000000
98.116217 151.299496 2.000000
98.180736 151.393058 2.000000
99.000409 153.381049 2.000000
105.253739 150.762034 2.000000
104.327882 153.349671 2.000000
104.828022 153.679440 2.000000
97.974838 154.849667 2.000000
99.519100 147.106727 2.000000
97.227897 149.495021 2.000000
100.310170 152.249064 2.000000
103.471468 155.448798 2.000000
99.849393 143.888090 2.000000
100.081093 152.705305 2.000000
99.894864 152.022873 2.000000
99.901099 153.075618 2.000000
100.567488 155.054914 2.000000
99.437907 150.211453 2.000000
102.269864 147.898385 2.000000
102.798676 154.204059 2.000000
104.075034 150.141888 2.000000
94.903277 154.307490 2.000000
95.964919 148.844133 2.000000
99.378710 148.942415 2.000000
99.710295 149.725948 2.000000
102.122615 149.662284 2.000000
99.082814 145.621860 2.000000
101.950542 149.791470 2.000000
100.282681 151.191513 2.000000
101.227442 150.801771 2.000000
99.895803 151.010746 2.000000
95.715498 146.119155 2.000000
102.634147 148.600956 2.000000
96.216176 150.981005 2.000000
106.188579 160.575192 2.000000
98.357084 148.590161 2.000000
101.277739 150.175131 2.000000
102.213423 159.706456 2.000000
95.864388 149.156482 2.000000
107.377075 149.615808 2.000000
98.901173 147.355040 2.000000
96.689589 146.352765 2.000000
98.828457 147.283376 2.000000
93.436435 149.123026 2.000000
98.033983 151.240239 2.000000
97.401974 148.147760 2.000000
94.511420 153.994554 2.000000
97.192832 151.653662 2.000000
99.775327 145.528598 2.000000
106.117981 149.335806 2.000000
98.659097 155.583589 2.000000
96.350882 151.652523 2.000000
97.584719 151.387500 2.000000
96.211809 148.429958 2.000000
98.382587 146.369401 2.000000
97.653827 149.553965 2.000000
99.400054 147.350888 2.000000
97.207845 148.306005 2.000000
102.562611 148.516786 2.000000
96.047205 148.704206 2.000000
102.598140 148.244144 2.000000
97.234746 147.002032 2.000000
99.559812 146.750922 2.000000
100.006545 150.221869 2.000000
99.272671 143.460608 2.000000
94.543762 149.584456 2.000000
99.056136 154.850417 2.000000
103.836958 152.281835 2.000000
100.482891 144.409326 2.000000
101.213597 154.020653 2.000000
99.342333 151.084615 2.000000
98.366514 151.900431 2.000000
96.588497 143.302097 2.000000
98.076220 148.129689 2.000000
97.895010 150.908418 2.000000
95.439920 150.973462 2.000000
95.776989 148.959688 2.000000
98.819999 146.411718 2.000000
96.758920 148.672704 2.000000
98.798937 153.893367 2.000000
98.671203 145.711256 2.000000
98.334453 146.065167 2.000000
101.228433 153.905087 2.000000
98.912416 150.460281 2.000000
101.477796 148.879118 2.000000
97.739569 155.938493 2.000000
100.028829 150.406165 2.000000
101.185326 155.512350 2.000000
99.630921 147.692724 2.000000
94.682697 152.752284 2.000000
96.799664 146.269542 2.000000
100.311473 142.851906 2.000000
102.120958 148.315222 2.000000
101.086126 152.318445 2.000000
97.020492 144.348545 2.000000
102.198397 148.875742 2.000000
96.227956 152.209161 2.000000
101.505923 146.604216 2.000000
96.220715 146.523032 2.000000
98.108301 149.800190 2.000000
95.834947 147.382154 2.000000
97.799036 144.928723 2.000000
96.753280 149.541120 2.000000
99.906097 144.821188 2.000000
100.582065 145.663846 2.000000
101.178957 146.263682 2.000000
97.182178 148.572455 2.000000
95.796757 147.858398 2.000000
101.649784 152.009573 2.000000
97.994233 149.628413 2.000000
96.438234 145.254229 2.000000
97.687764 144.409646 2.000000
99.834573 150.608900 2.000000
94.754697 143.446157 2.000000
101.316481 150.716667 2.000000
97.680497 148.400424 2.000000
95.784137 148.483732 2.000000
96.431319 143.661237 2.000000
100.659078 145.143338 2.000000
99.841151 145.961153 2.000000
96.991351 145.987361 2.000000
98.945889 151.279127 2.000000
100.646951 148.592666 2.000000
98.512400 147.228982 2.000000
103.960102 149.306072 2.000000
98.213361 154.264992 2.000000
99.303981 144.388208 2.000000
101.255401 148.945466 2.000000
102.539901 143.632894 2.000000
97.074773 148.061437 2.000000
100.680390 145.904248 2.000000
103.815158 142.802675 2.000000
99.723974 150.582419 2.000000
99.455013 146.104743 2.000000
94.644196 148.973528 2.000000
102.407380 146.258282 2.000000
101.133834 145.633740 2.000000
98.068454 148.907804 2.000000
98.790648 141.711323 2.000000
100.260189 146.372526 2.000000
99.912793 137.739650 2.000000
104.132531 150.121212 2.000000
96.726383 145.218439 2.000000
97.204802 145.046727 2.000000
97.307791 144.708343 2.000000
95.674372 148.758192 2.000000
97.425568 148.339532 2.000000
98.072913 148.301875 2.000000
96.458091 149.257326 2.000000
97.179933 145.456676 2.000000
102.654275 151.668904 2.000000
96.642712 150.362333 2.000000
101.805844 149.166871 2.000000
96.187850 143.434650 2.000000
97.657832 147.594142 2.000000
98.693074 150.575771 2.000000
96.043072 149.019014 2.000000
99.627550 149.525195 2.000000
97.348203 148.101168 2.000000
103.686059 151.334127 2.000000
95.629228 142.195548 2.000000
100.301241 146.616503 2.000000
93.688982 150.082825 2.000000
92.534791 143.477479 2.000000
97.207538 147.196625 2.000000
94.817391 142.950599 2.000000
97.416453 145.355395 2.000000
102.184131 144.244400 2.000000
99.951360 146.195086 2.000000
98.283580 150.714953 2.000000
96.214777 142.814774 2.000000
101.656663 145.589672 2.000000
101.009874 145.225739 2.000000
95.386128 148.347172 2.000000
98.829812 141.631821 2.000000
94.807906 145.006830 2.000000
101.481733 147.784806 2.000000
94.873392 147.246016 2.000000
102.247354 147.570730 2.000000
92.780105 145.068576 2.000000
100.951104 146.463390 2.000000
97.410957 145.817802 2.000000
93.820294 139.005319 2.000000
101.623523 148.908771 2.000000
93.279991 142.552102 2.000000
100.347760 150.017114 2.000000
91.139983 144.991364 2.000000
98.079413 145.485368 2.000000
94.159654 148.438874 2.000000
99.498784 143.617613 2.000000
101.981801 144.863762 2.000000
95.237388 148.392076 2.000000
93.819155 146.545591 2.000000
99.952740 144.659632 2.000000
97.410092 151.731237 2.000000
99.460304 145.314482 2.000000
101.856140 145.939292 2.000000
97.795343 148.425527 2.000000
98.316594 150.987965 2.000000
96.936218 147.149044 2.000000
98.716128 150.824215 2.000000
99.101597 146.348382 2.000000
96.601260 140.513168 2.000000
98.701602 145.194743 2.000000
97.672338 144.123140 2.000000
102.186222 146.090681 2.000000
96.315809 145.503622 2.000000
101.457313 141.095488 2.000000
100.103512 147.791406 2.000000
101.911980 145.116560 2.000000
98.394552 142.475517 2.000000
94.564635 146.883561 2.000000
95.714841 137.561853 2.000000
96.451606 147.487934 2.000000
97.742661 148.571930 2.000000
96.278790 148.485574 2.000000
94.906903 146.982148 2.000000
94.248376 144.602509 2.000000
96.734737 144.336548 2.000000
94.962707 141.347500 2.000000
93.083442 139.747819 2.000000
94.336863 146.031320 2.000000
94.527636 145.997259 2.000000
91.979250 143.691117 2.000000
102.203103 144.434578 2.000000
96.579847 144.239887 2.000000
95.650012 142.013154 2.000000
93.869336 145.069711 2.000000
96.113555 143.702300 2.000000
93.523038 139.665254 2.000000
93.098308 140.684798 2.000000
98.152388 143.188707 2.000000
90.887517 141.488907 2.000000
96.841662 147.075921 2.000000
95.038144 148.170636 2.000000
94.580380 144.195588 2.000000
98.313276 145.267282 2.000000
99.229858 142.819471 2.000000
95.267438 141.329769 2.000000
93.360957 147.184823 2.000000
97.193182 148.264941 2.000000
97.173749 144.161277 2.000000
98.237420 142.240768 2.000000
95.339796 141.030895 2.000000
94.175559 141.387454 2.000000
96.647079 149.781894 2.000000
95.516315 150.487939 2.000000
95.181971 140.952722 2.000000
95.673228 144.681817 2.000000
97.298711 148.528037 2.000000
103.285025 147.188200 2.000000
98.850575 148.190328 2.000000
97.795154 142.248758 2.000000
95.998136 147.635059 2.000000
96.049659 142.696700 2.000000
94.422923 145.251675 2.000000
94.645337 139.708221 2.000000
97.585779 141.907425 2.000000
95.504407 143.613053 2.000000
100.172166 142.786323 2.000000
91.519749 144.186926 2.000000
95.025799 143.352119 2.000000
93.330959 139.784740 2.000000
94.160526 146.262048 2.000000
96.695034 142.374322 2.000000
92.566240 146.551876 2.000000
97.384004 137.811755 2.000000
93.395328 138.523998 2.000000
100.346155 139.820492 2.000000
97.255614 141.025445 2.000000
91.637804 143.460609 2.000000
95.664643 140.579875 2.000000
93.173600 138.710220 2.000000
98.728836 141.279319 2.000000
96.911788 140.659643 2.000000
94.367585 138.259027 2.000000
89.960542 142.857478 2.000000
95.630413 141.169075 2.000000
89.876054 142.401491 2.000000
95.806350 142.829810 2.000000
94.188402 147.494794 2.000000
95.132554 142.141089 2.000000
93.537673 142.392258 2.000000
95.284927 141.351674 2.000000
91.090880 146.894230 2.000000
96.451116 138.562832 2.000000
96.959171 141.163236 2.000000
94.797769 146.520028 2.000000
94.396867 143.885216 2.000000
96.482166 140.396245 2.000000
94.840657 141.631546 2.000000
90.632228 141.054097 2.000000
93.479415 145.006422 2.000000
100.403376 144.534222 2.000000
100.227031 146.169231 2.000000
95.629037 137.675111 2.000000
99.931631 142.069693 2.000000
93.313819 145.023022 2.000000
101.515631 143.685032 2.000000
91.331974 145.402864 2.000000
92.834125 144.340060 2.000000
95.994369 142.311191 2.000000
91.330490 144.302443 2.000000
93.898238 145.030035 2.000000
97.473926 143.223083 2.000000
96.446803 141.343813 2.000000
97.935185 139.161940 2.000000
95.049844 140.640552 2.000000
93.129620 147.754730 2.000000
94.923473 138.583347 2.000000
94.199398 144.409153 2.000000
92.646733 139.542451 2.000000
95.599737 145.807673 2.000000
98.209647 138.948790 2.000000
91.292896 141.016074 2.000000
92.283887 138.211775 2.000000
98.155935 141.446547 2.000000
95.780131 139.726357 2.000000
95.842341 137.349018 2.000000
98.509115 140.201426 2.000000
92.756584 140.870292 2.000000
99.812452 143.468930 2.000000
93.027294 140.695457 2.000000
88.984083 138.621525 2.000000
95.390341 139.731497 2.000000
95.074245 141.951729 2.000000
91.445366 143.991353 2.000000
92.129354 141.797301 2.000000
91.090900 142.605646 2.000000
97.696329 144.021600 2.000000
94.630328 141.088872 2.000000
97.169333 137.055174 2.000000
99.697439 139.418741 2.000000
93.505392 138.573967 2.000000
92.200330 141.743269 2.000000
97.084513 140.378505 2.000000
95.496198 146.647729 2.000000
102.181561 148.987919 2.000000
93.238010 146.058768 2.000000
96.101069 144.484194 2.000000
95.793491 138.494123 2.000000
91.454523 139.911304 2.000000
92.799836 141.962782 2.000000
97.302194 139.860364 2.000000
96.033255 139.717289 2.000000
99.752290 143.298491 2.000000
92.165336 147.348927 2.000000
96.603844 136.116300 2.000000
90.603958 139.748191 2.000000
97.226974 138.124447 2.000000
95.339701 143.958507 2.000000
95.196594 137.655005 2.000000
94.675818 142.517322 2.000000
95.563239 144.464057 2.000000
94.929303 144.052794 2.000000
92.243424 140.317672 2.000000
94.088894 142.671940 2.000000
93.179163 139.837564 2.000000
90.488133 142.378082 2.000000
94.756055 139.363779 2.000000
91.055459 140.578787 2.000000
86.227562 140.585733 2.000000
92.235390 138.806159 2.000000
92.202428 143.061012 2.000000
98.410522 142.240300 2.000000
97.143752 142.194623 2.000000
86.712613 141.398477 2.000000
99.288016 140.495258 2.000000
92.024342 144.351074 2.000000
97.698185 144.993367 2.000000
91.918542 142.127286 2.000000
94.785408 139.746094 2.000000
99.697382 137.401390 2.000000
93.734713 138.793459 2.000000
93.923207 135.528699 2.000000
91.514114 143.493635 2.000000
94.624084 138.231535 2.000000
88.357034 144.292474 2.000000
92.145720 140.254586 2.000000
100.207286 136.205529 2.000000
91.532764 139.047131 2.000000
100.747385 141.211776 2.000000
96.741367 140.769902 2.000000
88.816344 138.726215 2.000000
91.145377 138.565143 2.000000
101.735188 141.767643 2.000000
94.559780 141.598908 2.000000
93.121003 143.177130 2.000000
98.871836 143.060462 2.000000
92.956920 138.512681 2.000000
100.656458 135.391347 2.000000
93.697122 140.709068 2.000000
95.042177 136.901310 2.000000
94.532261 139.742542 2.000000
97.217859 140.400669 2.000000
99.930747 138.258976 2.000000
92.023743 140.067899 2.000000
96.172043 137.351500 2.000000
93.426201 140.214215 2.000000
95.740970 139.092151 2.000000
89.814015 141.559210 2.000000
88.509501 140.007883 2.000000
96.418885 138.546462 2.000000
99.526209 136.822486 2.000000
95.850237 136.977412 2.000000
90.840653 142.020736 2.000000
89.882391 141.339725 2.000000
92.434270 137.589554 2.000000
94.864434 136.849159 2.000000
91.451352 143.108222 2.000000
95.620835 135.797714 2.000000
92.328373 134.435711 2.000000
92.348973 140.722540 2.000000
95.184447 136.759101 2.000000
93.231159 140.112464 2.000000
92.598081 142.211513 2.000000
94.596783 145.022863 2.000000
90.595252 141.126155 2.000000
91.145893 139.596788 2.000000
95.067618 137.664140 2.000000
95.181827 142.337936 2.000000
94.718394 141.119696 2.000000
100.792736 141.081472 2.000000
92.154715 141.197376 2.000000
91.147164 141.585051 2.000000
92.672653 138.772747 2.000000
91.415588 138.839295 2.000000
93.814709 135.985040 2.000000
95.365960 138.440213 2.000000
94.565866 139.624288 2.000000
94.559603 135.563578 2.000000
98.124319 141.945528 2.000000
94.748030 144.474987 2.000000
97.966790 144.093561 2.000000
93.552769 133.403012 2.000000
95.686404 139.777228 2.000000
94.299962 141.837609 2.000000
87.427869 136.070218 2.000000
93.463165 135.934080 2.000000
98.952292 140.398134 2.000000
89.316720 134.312547 2.000000
88.600886 140.681414 2.000000
93.517307 137.071746 2.000000
91.676368 140.885169 2.000000
97.722542 142.509387 2.000000
86.197545 136.917028 2.000000
88.633004 137.933712 2.000000
85.751664 140.047609 2.000000
92.530446 134.639101 2.000000
88.748186 142.598688 2.000000
88.612200 133.699579 2.000000
96.831337 141.095529 2.000000
92.717981 134.389327 2.000000
90.482967 141.583256 2.000000
92.879273 138.421755 2.000000
96.041005 138.818752 2.000000
92.015232 139.609209 2.000000
96.678561 137.380490 2.000000
91.751569 140.181805 2.000000
91.116827 135.253569 2.000000
88.702948 139.327505 2.000000
92.656672 137.373401 2.000000
97.480900 136.436678 2.000000
90.965474 136.451459 2.000000
96.262641 134.474469 2.000000
93.748223 134.322871 2.000000
87.744286 139.707072 2.000000
90.986322 140.495086 2.000000
90.356315 138.528142 2.000000
93.663707 139.474149 2.000000
92.727313 133.215788 2.000000
92.817342 136.361755 2.000000
90.869333 134.416558 2.000000
92.163638 136.143470 2.000000
93.763637 135.152674 2.000000
97.401767 139.710842 2.000000
95.805200 136.868994 2.000000
94.135742 135.020398 2.000000
93.474042 136.712301 2.000000
91.959649 140.234895 2.000000
91.794617 136.812824 2.000000
93.996445 139.274814 2.000000
97.433088 134.928175 2.000000
91.478060 135.839090 2.000000
91.738245 136.280476 2.000000
86.622750 139.498793 2.000000
88.569152 135.633043 2.000000
94.530418 137.155900 2.000000
91.743753 136.516486 2.000000
92.620584 141.031740 2.000000
92.848712 136.070622 2.000000
86.408863 135.337622 2.000000
88.350371 134.384713 2.000000
88.838483 136.622132 2.000000
90.897872 133.201223 2.000000
94.341995 132.933562 2.000000
85.793527 130.634170 2.000000
91.148593 138.369831 2.000000
91.535620 132.065122 2.000000
93.615023 135.520474 2.000000
91.622628 137.386748 2.000000
90.797249 133.408973 2.000000
89.743881 133.417083 2.000000
93.118001 129.992446 2.000000
93.762274 135.512968 2.000000
89.122301 136.932328 2.000000
92.701739 129.897257 2.000000
94.074857 137.955332 2.000000
92.026956 136.564832 2.000000
93.417281 136.716095 2.000000
94.513102 135.217616 2.000000
85.629323 136.131921 2.000000
90.110825 134.193813 2.000000
93.077862 133.262936 2.000000
95.499276 134.038176 2.000000
86.826282 137.114272 2.000000
87.666063 133.936651 2.000000
91.875649 132.756015 2.000000
91.379097 133.422882 2.000000
91.036470 141.088028 2.000000
88.705170 138.827618 2.000000
94.508304 137.822000 2.000000
91.465083 135.695858 2.000000
88.435970 136.317270 2.000000
86.312797 137.623252 2.000000
97.097358 138.090607 2.000000
86.291566 135.755509 2.000000
92.539710 134.368860 2.000000
92.370691 138.318285 2.000000
88.099836 134.518300 2.000000
94.526462 140.205622 2.000000
87.884843 140.657554 2.000000
86.478606 128.785905 2.000000
95.522912 137.461951 2.000000
91.267922 136.059864 2.000000
93.814422 137.564729 2.000000
90.927852 129.655037 2.000000
89.661273 134.933012 2.000000
91.026136 135.624264 2.000000
95.878554 138.485452 2.000000
91.201154 136.583529 2.000000
91.433931 136.242316 2.000000
93.097528 134.838161 2.000000
90.116587 135.042393 2.000000
88.767128 137.087194 2.000000
90.860849 137.967985 2.000000
88.093797 135.763498 2.000000
91.562719 137.059034 2.000000
91.244418 135.278015 2.000000
93.934334 135.887358 2.000000
88.576653 137.554002 2.000000
89.622583 136.794683 2.000000
91.134483 133.294853 2.000000
88.767670 135.323847 2.000000
86.386644 135.090468 2.000000
97.385691 138.943822 2.000000
93.115832 137.557405 2.000000
88.886122 137.688426 2.000000
88.074155 134.503510 2.000000
87.676223 131.844697 2.000000
86.852699 136.848734 2.000000
85.547929 137.144001 2.000000
91.425862 131.711924 2.000000
91.045551 137.009619 2.000000
88.675930 129.481328 2.000000
89.553801 140.270061 2.000000
93.819197 132.413874 2.000000
88.678020 131.921749 2.000000
89.200293 133.290914 2.000000
94.798198 137.396636 2.000000
89.407016 136.129127 2.000000
89.981201 131.478508 2.000000
95.183153 130.746201 2.000000
89.814467 137.546274 2.000000
87.687933 138.743269 2.000000
87.570625 133.946161 2.000000
92.499598 133.710392 2.000000
82.071300 138.776083 2.000000
88.490977 137.141215 2.000000
87.768316 136.039529 2.000000
86.606377 135.617008 2.000000
89.857228 135.131515 2.000000
85.212765 128.694560 2.000000
88.878330 139.419512 2.000000
89.541885 137.548735 2.000000
90.354901 132.438796 2.000000
94.668636 131.805353 2.000000
84.423397 135.627813 2.000000
84.972169 135.191425 2.000000
89.750635 135.928886 2.000000
91.643768 134.483188 2.000000
93.832527 134.591251 2.000000
91.011379 134.481703 2.000000
90.203331 135.548855 2.000000
91.094003 132.949631 2.000000
91.398211 138.848701 2.000000
91.409355 132.481987 2.000000
97.088809 127.986353 2.000000
93.545526 138.113045 2.000000
95.800158 132.592380 2.000000
90.906270 133.546233 2.000000
88.136828 135.922051 2.000000
89.718658 132.248421 2.000000
88.413043 136.229865 2.000000
95.967701 132.197568 2.000000
91.982059 136.704905 2.000000
95.385896 131.071837 2.000000
90.320844 132.896788 2.000000
93.888786 133.325905 2.000000
91.156095 137.999107 2.000000
92.688500 136.084840 2.000000
86.703147 137.455037 2.000000
94.799268 130.443925 2.000000
90.692289 132.862841 2.000000
86.233027 130.098883 2.000000
90.187384 134.559106 2.000000
86.214909 133.985808 2.000000
90.745643 129.633277 2.000000
87.736236 129.161548 2.000000
89.588028 133.927461 2.000000
85.866854 132.155745 2.000000
84.906254 133.506063 2.000000
89.580952 134.520344 2.000000
89.554405 132.106039 2.000000
89.248135 132.240567 2.000000
91.236117 129.368008 2.000000
93.997773 134.108519 2.000000
90.258524 129.542794 2.000000
90.142542 129.772722 2.000000
87.309053 131.287968 2.000000
84.351232 130.124448 2.000000
86.260169 137.483261 2.000000
89.550496 127.658818 2.000000
89.210381 133.509397 2.000000
84.944303 133.278572 2.000000
89.747913 132.468357 2.000000
86.882648 135.421345 2.000000
84.423427 131.295602 2.000000
87.866263 135.994573 2.000000
90.515499 131.607252 2.000000
80.116274 130.200240 2.000000
98.732109 131.385205 2.000000
91.884226 139.962483 2.000000
88.790836 130.744998 2.000000
96.212685 130.725092 2.000000
96.389776 135.593532 2.000000
86.188971 132.740918 2.000000
85.923558 131.997572 2.000000
86.465882 134.886486 2.000000
87.745458 135.414184 2.000000
85.677874 135.263454 2.000000
87.254304 128.300389 2.000000
87.665124 133.809350 2.000000
82.277521 135.639014 2.000000
84.035864 133.535257 2.000000
84.420172 133.584038 2.000000
89.840794 130.810909 2.000000
88.490508 126.420517 2.000000
84.187073 131.736503 2.000000
86.210350 130.482689 2.000000
83.408680 132.417734 2.000000
93.738156 138.671609 2.000000
87.109225 133.222050 2.000000
83.943638 130.282736 2.000000
85.437916 131.733339 2.000000
82.869694 129.268883 2.000000
88.959721 132.356205 2.000000
84.701151 131.151835 2.000000
79.639914 137.992292 2.000000
88.087297 136.627176 2.000000
87.841423 129.569269 2.000000
90.683871 131.349104 2.000000
86.136714 132.421732 2.000000
96.195318 131.185139 2.000000
90.816460 132.595509 2.000000
88.842883 135.202830 2.000000
91.757358 132.231019 2.000000
85.434513 133.954924 2.000000
91.659546 130.112750 2.000000
87.519368 135.739204 2.000000
85.118750 132.843978 2.000000
87.506310 133.776387 2.000000
81.799410 134.925557 2.000000
86.961275 132.357646 2.000000
90.899418 132.397057 2.000000
83.820968 132.458290 2.000000
88.156999 134.646025 2.000000
85.762944 131.680412 2.000000
92.981812 133.331571 2.000000
85.829377 134.010194 2.000000
90.024422 133.365822 2.000000
84.503567 126.662660 2.000000
91.326301 132.083587 2.000000
85.421606 128.697991 2.000000
83.230115 135.086020 2.000000
89.876806 137.226783 2.000000
85.356863 131.949425 2.000000
86.858265 132.385195 2.000000
87.367757 133.368940 2.000000
82.300388 134.697807 2.000000
83.029752 131.860189 2.000000
82.446631 128.132082 2.000000
84.799790 126.841477 2.000000
84.709845 132.115428 2.000000
86.990230 129.347726 2.000000
88.317467 130.182419 2.000000
89.824574 132.687196 2.000000
88.953160 128.382914 2.000000
83.123510 132.384914 2.000000
84.206492 136.005064 2.000000
88.154359 134.785429 2.000000
85.361381 128.923924 2.000000
83.727350 135.112271 2.000000
88.054636 130.527721 2.000000
88.539941 130.299640 2.000000
90.888069 127.548092 2.000000
90.404172 134.486536 2.000000
80.720967 125.523821 2.000000
89.343401 137.629341 2.000000
92.513993 132.915820 2.000000
84.730719 125.867741 2.000000
83.229578 137.212506 2.000000
91.809517 133.434690 2.000000
88.154871 130.740757 2.000000
91.746141 133.779613 2.000000
82.712800 128.977474 2.000000
85.468465 135.555698 2.000000
84.723363 133.814570 2.000000
88.253467 128.846449 2.000000
80.132136 129.567468 2.000000
83.937003 125.089548 2.000000
82.323605 131.726320 2.000000
84.446527 130.775524 2.000000
81.154856 132.726905 2.000000
89.676620 137.396854 2.000000
86.750220 133.215738 2.000000
81.468836 131.701410 2.000000
85.785332 130.535894 2.000000
89.701482 132.725428 2.000000
90.121977 126.617030 2.000000
88.546034 133.489133 2.000000
91.455132 127.140702 2.000000
85.688634 126.065488 2.000000
85.816034 124.033553 2.000000
85.852526 127.383803 2.000000
83.310699 129.843395 2.000000
83.529235 135.458701 2.000000
91.254462 133.780811 2.000000
82.152072 126.944811 2.000000
85.304763 127.919535 2.000000
85.286358 130.866993 2.000000
88.497544 131.713130 2.000000
81.909957 131.477673 2.000000
85.379315 130.042370 2.000000
85.769859 130.256680 2.000000
89.033689 128.944941 2.000000
87.605118 134.223343 2.000000
84.405774 123.983403 2.000000
91.734896 127.787559 2.000000
87.069432 128.488526 2.000000
83.644393 129.642122 2.000000
80.138352 130.333433 2.000000
89.889690 127.062689 2.000000
87.637089 132.727916 2.000000
85.058364 133.315188 2.000000
82.603570 133.206975 2.000000
84.346810 130.525996 2.000000
87.601770 132.575250 2.000000
84.190807 131.183023 2.000000
86.760278 129.167290 2.000000
89.051021 129.204131 2.000000
87.365394 132.579874 2.000000
82.292763 133.062428 2.000000
84.585371 124.068096 2.000000
88.035247 129.323302 2.000000
84.969874 129.720376 2.000000
84.096745 126.314630 2.000000
83.637659 130.927796 2.000000
82.386706 131.506916 2.000000
86.469469 135.269663 2.000000
80.259343 130.661114 2.000000
81.901543 133.023786 2.000000
83.013885 127.309188 2.000000
84.991979 131.653149 2.000000
90.052097 131.880519 2.000000
86.216014 133.369873 2.000000
87.563702 129.904085 2.000000
86.070141 133.116873 2.000000
78.400484 130.709285 2.000000
87.873513 128.139960 2.000000
85.626461 134.461685 2.000000
83.480935 130.647914 2.000000
80.198131 129.261667 2.000000
88.146008 126.736176 2.000000
85.182726 129.622769 2.000000
81.579468 131.469639 2.000000
85.954451 129.017666 2.000000
82.214674 127.206413 2.000000
94.874929 129.496630 2.000000
86.606940 129.971250 2.000000
82.727457 131.868945 2.000000
83.116407 133.425067 2.000000
85.142851 130.508771 2.000000
79.440009 135.823804 2.000000
86.403506 133.094865 2.000000
82.212698 134.648299 2.000000
82.492196 129.603752 2.000000
80.240132 128.440423 2.000000
84.492733 130.605843 2.000000
83.455458 127.709598 2.000000
80.176165 127.057286 2.000000
83.182044 133.743455 2.000000
85.307494 128.790519 2.000000
84.594906 123.666042 2.000000
83.572849 123.093058 2.000000
91.906927 126.558652 2.000000
86.097936 132.273368 2.000000
85.724728 132.307992 2.000000
78.314698 127.267088 2.000000
88.533706 131.258206 2.000000
85.761222 132.562947 2.000000
92.791467 133.272352 2.000000
84.136962 131.258679 2.000000
83.697028 123.780425 2.000000
80.429112 129.001025 2.000000
84.935078 125.783540 2.000000
83.357692 132.847435 2.000000
80.726174 128.976625 2.000000
84.523781 129.922103 2.000000
84.886668 127.010519 2.000000
86.967939 124.730354 2.000000
78.511569 132.256770 2.000000
83.091005 125.554090 2.000000
83.796434 130.721085 2.000000
85.170969 126.113900 2.000000
83.153784 125.937283 2.000000
84.029165 128.547007 2.000000
91.996929 130.335500 2.000000
83.452338 130.671080 2.000000
88.297244 130.968615 2.000000
82.328012 127.526172 2.000000
80.353825 128.723983 2.000000
79.682376 124.093931 2.000000
89.154162 130.825839 2.000000
88.751404 127.807983 2.000000
82.008697 126.105809 2.000000
85.028190 125.725095 2.000000
82.538682 133.654195 2.000000
81.768087 123.694329 2.000000
81.813391 129.035695 2.000000
83.847606 127.647593 2.000000
84.214880 125.683177 2.000000
85.437940 130.225941 2.000000
85.863575 125.989969 2.000000
84.125454 123.752917 2.000000
86.552431 131.003313 2.000000
83.613568 133.098879 2.000000
80.544895 132.188417 2.000000
84.070925 124.065340 2.000000
83.492466 125.656465 2.000000
83.523105 130.410284 2.000000
83.504446 123.586728 2.000000
79.253162 129.964075 2.000000
79.375365 126.051651 2.000000
88.758487 127.621442 2.000000
88.323712 123.547567 2.000000
84.306944 130.897311 2.000000
86.703644 121.454687 2.000000
89.079462 123.005762 2.000000
83.056815 130.621720 2.000000
82.060595 130.525156 2.000000
85.894256 126.615087 2.000000
81.885446 127.718014 2.000000
90.269501 126.179955 2.000000
82.284872 124.438499 2.000000
84.451647 127.903150 2.000000
87.806858 128.953536 2.000000
77.075855 123.274764 2.000000
83.736120 122.660235 2.000000
81.960542 133.056853 2.000000
83.717541 128.444092 2.000000
80.423104 124.498361 2.000000
82.851690 126.880190 2.000000
82.373406 130.743286 2.000000
80.308868 126.363722 2.000000
84.503166 126.869908 2.000000
81.415331 134.115582 2.000000
84.579616 131.371576 2.000000
85.145478 126.028846 2.000000
85.732924 128.104044 2.000000
76.722241 123.957506 2.000000
85.460982 125.213454 2.000000
83.740825 122.135341 2.000000
87.974088 123.103363 2.000000
81.980178 126.154352 2.000000
90.395361 130.444810 2.000000
86.034450 125.396341 2.000000
82.452597 123.091274 2.000000
86.352387 124.583910 2.000000
81.831691 133.779733 2.000000
84.420472 122.766287 2.000000
80.280722 127.421162 2.000000
82.117829 126.447371 2.000000
82.018170 125.556948 2.000000
87.013687 127.612729 2.000000
80.167245 122.096343 2.000000
80.385463 122.547869 2.000000
85.830395 126.280600 2.000000
85.405422 126.873811 2.000000
78.557288 126.129965 2.000000
85.437212 130.514326 2.000000
84.590053 124.866740 2.000000
82.774522 129.119325 2.000000
81.677866 125.552169 2.000000
80.826720 125.763498 2.000000
82.364595 125.718249 2.000000
84.967259 122.941856 2.000000
75.739947 125.619744 2.000000
83.796291 134.369245 2.000000
79.793595 118.075298 2.000000
81.324137 125.855501 2.000000
82.127642 128.593284 2.000000
81.825430 122.853380 2.000000
77.545665 130.920746 2.000000
86.663008 127.288932 2.000000
80.884926 124.872535 2.000000
80.366132 125.619215 2.000000
85.076241 120.803755 2.000000
80.474650 130.219898 2.000000
85.565562 129.690600 2.000000
86.564333 127.525315 2.000000
84.120967 131.160038 2.000000
76.902337 124.026541 2.000000
85.976433 123.170435 2.000000
83.770213 128.178721 2.000000
80.262936 124.714668 2.000000
80.033173 124.440392 2.000000
84.201934 127.032017 2.000000
84.763383 124.303353 2.000000
82.150239 126.927178 2.000000
81.407774 122.417259 2.000000
83.329690 121.155574 2.000000
86.446185 127.499284 2.000000
81.554666 125.708592 2.000000
81.998409 125.495658 2.000000
85.451672 127.968092 2.000000
84.073413 126.642749 2.000000
79.507023 126.930050 2.000000
85.758947 122.475245 2.000000
81.304196 124.138910 2.000000
83.684752 121.454697 2.000000
83.544787 121.996481 2.000000
79.292878 123.409868 2.000000
84.139652 125.140038 2.000000
80.697655 122.933902 2.000000
85.066362 128.271246 2.000000
81.807217 125.534134 2.000000
82.751450 127.947197 2.000000
78.490999 130.203270 2.000000
83.349340 127.975437 2.000000
78.761675 127.343262 2.000000
81.269110 128.470532 2.000000
86.850473 124.949616 2.000000
80.150239 128.892573 2.000000
78.650535 127.195505 2.000000
82.146573 127.310848 2.000000
85.315903 128.898295 2.000000
82.809722 121.761853 2.000000
80.428096 122.903167 2.000000
84.432385 120.856992 2.000000
83.212950 123.513851 2.000000
75.790679 127.591016 2.000000
76.762551 128.076724 2.000000
77.592706 128.462151 2.000000
80.742466 121.335856 2.000000
79.627275 125.552158 2.000000
81.606293 123.769762 2.000000
87.972371 124.302166 2.000000
83.311412 129.359541 2.000000
82.635019 118.782868 2.000000
81.224767 128.536277 2.000000
77.745278 126.149977 2.000000
84.472654 125.877260 2.000000
81.629733 123.162766 2.000000
82.632663 123.542947 2.000000
79.019997 124.843761 2.000000
82.325679 121.440145 2.000000
81.867223 125.958370 2.000000
80.399029 129.748828 2.000000
80.514951 124.544846 2.000000
82.773300 127.224104 2.000000
85.066349 122.486006 2.000000
78.619963 121.123483 2.000000
82.251147 121.640880 2.000000
78.700572 123.990992 2.000000
80.926959 118.600140 2.000000
79.360086 126.746497 2.000000
82.968346 124.472578 2.000000
79.191944 123.894850 2.000000
84.746245 118.700867 2.000000
84.197306 130.576843 2.000000
78.406200 122.673556 2.000000
82.214004 123.963198 2.000000
79.017589 128.685442 2.000000
79.596425 122.015573 2.000000
81.927521 120.033200 2.000000
81.845419 122.024989 2.000000
73.709718 122.189576 2.000000
83.674961 127.384580 2.000000
82.012553 124.374535 2.000000
83.893622 126.875829 2.000000
80.454455 129.647173 2.000000
78.317470 122.294732 2.000000
77.150909 125.672584 2.000000
80.006375 123.697042 2.000000
79.324463 122.870582 2.000000
75.320826 129.126108 2.000000
82.531651 120.352464 2.000000
79.814710 122.082453 2.000000
74.753318 123.298719 2.000000
82.154743 125.134733 2.000000
77.877226 122.487979 2.000000
73.667444 125.844484 2.000000
84.915402 122.039497 2.000000
84.012360 120.289159 2.000000
83.720523 121.620366 2.000000
80.714435 121.463790 2.000000
80.749418 126.500012 2.000000
85.321856 124.250118 2.000000
81.368447 125.669760 2.000000
77.829572 122.002338 2.000000
81.618246 124.260469 2.000000
78.664902 121.808860 2.000000
82.581446 121.993365 2.000000
82.946388 120.159462 2.000000
76.093106 122.000629 2.000000
78.106108 126.847564 2.000000
76.550399 125.254204 2.000000
76.224827 122.755963 2.000000
81.190163 120.125677 2.000000
81.986533 119.827912 2.000000
79.334083 120.446735 2.000000
78.475990 125.934726 2.000000
80.172109 124.976955 2.000000
77.237221 127.978120 2.000000
83.427350 127.270722 2.000000
81.653165 126.973685 2.000000
75.506216 123.391652 2.000000
79.230472 125.336719 2.000000
79.624788 119.942671 2.000000
77.455585 124.568082 2.000000
78.972832 122.718420 2.000000
79.205686 119.631851 2.000000
78.851195 123.315898 2.000000
82.571716 122.588865 2.000000
74.789579 120.836998 2.000000
82.010177 123.898864 2.000000
82.208904 122.780370 2.000000
80.629449 121.487747 2.000000
75.450172 125.141128 2.000000
88.050089 123.765079 2.000000
77.944401 118.443571 2.000000
76.019162 120.937213 2.000000
81.513674 122.975828 2.000000
78.687340 123.271059 2.000000
79.379175 124.594492 2.000000
78.111171 125.530225 2.000000
80.735229 117.337122 2.000000
79.406033 121.411619 2.000000
78.849019 126.419344 2.000000
80.962131 122.762711 2.000000
78.184846 121.919565 2.000000
72.481890 123.488440 2.000000
77.722649 125.073379 2.000000
75.353599 125.262993 2.000000
73.468174 119.634122 2.000000
70.105335 126.133410 2.000000
72.758322 121.271692 2.000000
77.937283 122.665093 2.000000
79.789975 124.730096 2.000000
74.885033 123.160861 2.000000
77.142040 120.351806 2.000000
86.408261 123.476976 2.000000
81.974770 124.861141 2.000000
78.145233 126.774970 2.000000
73.063598 123.089532 2.000000
82.409445 118.770738 2.000000
83.540663 120.685907 2.000000
80.907902 123.311676 2.000000
80.656733 120.684856 2.000000
78.782059 123.875467 2.000000
80.454185 120.968505 2.000000
75.599759 125.534562 2.000000
76.396689 120.739473 2.000000
80.494253 119.037874 2.000000
80.160691 122.495230 2.000000
75.342811 121.318683 2.000000
79.693901 117.802375 2.000000
77.208386 123.653779 2.000000
75.195933 122.712825 2.000000
75.874754 116.242729 2.000000
81.119443 123.565182 2.000000
79.483624 122.935994 2.000000
70.275172 117.971184 2.000000
79.559548 122.040400 2.000000
76.096093 123.886764 2.000000
81.225999 127.333081 2.000000
78.525495 121.943039 2.000000
80.353765 122.926597 2.000000
74.710668 121.512330 2.000000
81.053055 126.067627 2.000000
80.619234 117.534907 2.000000
83.166415 121.707744 2.000000
72.476764 117.595411 2.000000
80.033035 119.138573 2.000000
77.936058 118.798579 2.000000
78.119857 122.230109 2.000000
81.537699 124.431504 2.000000
78.387983 119.631527 2.000000
80.829045 117.658321 2.000000
81.564713 118.832488 2.000000
78.529022 120.286187 2.000000
82.432445 120.357316 2.000000
78.830734 125.848825 2.000000
81.078660 118.578222 2.000000
76.414187 115.581332 2.000000
76.346522 118.432814 2.000000
77.885118 117.738165 2.000000
72.874877 118.816909 2.000000
76.746735 126.238056 2.000000
77.318846 123.098277 2.000000
75.657223 121.746240 2.000000
77.273642 122.715999 2.000000
79.763374 122.307812 2.000000
68.646235 126.990140 2.000000
77.168916 118.985065 2.000000
72.209232 121.124536 2.000000
74.628151 117.569296 2.000000
74.017671 117.454396 2.000000
75.250194 119.190658 2.000000
73.556853 123.049682 2.000000
75.828210 125.122429 2.000000
76.483736 123.757959 2.000000
76.490660 119.078514 2.000000
71.849562 123.944412 2.000000
78.236884 128.073648 2.000000
73.259225 122.462412 2.000000
75.025453 119.469729 2.000000
78.808678 121.227559 2.000000
78.541911 119.764042 2.000000
76.964247 122.002970 2.000000
75.295829 119.231244 2.000000
71.222248 117.716685 2.000000
79.683539 115.379193 2.000000
81.588753 118.498116 2.000000
80.109803 116.303728 2.000000
76.502042 122.586324 2.000000
76.207805 120.704844 2.000000
75.560426 119.713957 2.000000
